Query ID,Best ID,Search DB,,
ASV_801,No match,COI FULL DATABASE (includes records without species designation),,
ASV_802,No match,COI FULL DATABASE (includes records without species designation),,
ASV_803,Pantala flavescens,COI FULL DATABASE (includes records without species designation),99.68,98.71
ASV_804,No match,COI FULL DATABASE (includes records without species designation),,
ASV_805,No match,COI FULL DATABASE (includes records without species designation),,
ASV_806,No match,COI FULL DATABASE (includes records without species designation),,
ASV_807,No match,COI FULL DATABASE (includes records without species designation),,
ASV_808,Pycnoscelus surinamensis,COI FULL DATABASE (includes records without species designation),99.05,85.76
ASV_809,Heteropoda venatoria,COI FULL DATABASE (includes records without species designation),99.35,90.12
ASV_810,No match,COI FULL DATABASE (includes records without species designation),,
ASV_811,No match,COI FULL DATABASE (includes records without species designation),,
ASV_812,No match,COI FULL DATABASE (includes records without species designation),,
ASV_813,No match,COI FULL DATABASE (includes records without species designation),,
ASV_814,No match,COI FULL DATABASE (includes records without species designation),,
ASV_815,No match,COI FULL DATABASE (includes records without species designation),,
ASV_816,No match,COI FULL DATABASE (includes records without species designation),,
ASV_817,Mus musculus,COI FULL DATABASE (includes records without species designation),99.64,99.02
ASV_818,Mus musculus,COI FULL DATABASE (includes records without species designation),100,99.34
ASV_819,Araneae,COI FULL DATABASE (includes records without species designation),99.33,84.85
ASV_820,No match,COI FULL DATABASE (includes records without species designation),,
ASV_821,No match,COI FULL DATABASE (includes records without species designation),,
ASV_822,Heteropoda venatoria,COI FULL DATABASE (includes records without species designation),100,90.29
ASV_823,No match,COI FULL DATABASE (includes records without species designation),,
ASV_824,No match,COI FULL DATABASE (includes records without species designation),,
ASV_825,No match,COI FULL DATABASE (includes records without species designation),,
ASV_826,Orthoptera,COI FULL DATABASE (includes records without species designation),100,86.41
ASV_827,No match,COI FULL DATABASE (includes records without species designation),,
ASV_828,No match,COI FULL DATABASE (includes records without species designation),,
ASV_829,No match,COI FULL DATABASE (includes records without species designation),,
ASV_830,No match,COI FULL DATABASE (includes records without species designation),,
ASV_831,No match,COI FULL DATABASE (includes records without species designation),,
ASV_832,No match,COI FULL DATABASE (includes records without species designation),,
ASV_833,No match,COI FULL DATABASE (includes records without species designation),,
ASV_834,No match,COI FULL DATABASE (includes records without species designation),,
ASV_835,No match,COI FULL DATABASE (includes records without species designation),,
ASV_836,No match,COI FULL DATABASE (includes records without species designation),,
ASV_837,No match,COI FULL DATABASE (includes records without species designation),,
ASV_838,Orthoptera,COI FULL DATABASE (includes records without species designation),100,86.07
ASV_839,Sula sula,COI FULL DATABASE (includes records without species designation),100,88.35
ASV_840,No match,COI FULL DATABASE (includes records without species designation),,
ASV_841,No match,COI FULL DATABASE (includes records without species designation),,
ASV_842,No match,COI FULL DATABASE (includes records without species designation),,
ASV_843,No match,COI FULL DATABASE (includes records without species designation),,
ASV_844,Heteropoda venatoria,COI FULL DATABASE (includes records without species designation),100,90.59
ASV_845,No match,COI FULL DATABASE (includes records without species designation),,
ASV_846,No match,COI FULL DATABASE (includes records without species designation),,
ASV_847,No match,COI FULL DATABASE (includes records without species designation),,
ASV_848,No match,COI FULL DATABASE (includes records without species designation),,
ASV_849,No match,COI FULL DATABASE (includes records without species designation),,
ASV_850,Pheidole megacephala,COI FULL DATABASE (includes records without species designation),100,100
ASV_851,Mus musculus,COI FULL DATABASE (includes records without species designation),99.64,99.03
ASV_852,No match,COI FULL DATABASE (includes records without species designation),,
ASV_853,No match,COI FULL DATABASE (includes records without species designation),,
ASV_854,No match,COI FULL DATABASE (includes records without species designation),,
ASV_855,Scholastes lonchifer,COI FULL DATABASE (includes records without species designation),99.35,87.72
ASV_856,No match,COI FULL DATABASE (includes records without species designation),,
ASV_857,No match,COI FULL DATABASE (includes records without species designation),,
ASV_858,No match,COI FULL DATABASE (includes records without species designation),,
ASV_859,No match,COI FULL DATABASE (includes records without species designation),,
ASV_860,Blattodea,COI FULL DATABASE (includes records without species designation),99.68,84.36
ASV_861,No match,COI FULL DATABASE (includes records without species designation),,
ASV_862,No match,COI FULL DATABASE (includes records without species designation),,
ASV_863,No match,COI FULL DATABASE (includes records without species designation),,
ASV_864,No match,COI FULL DATABASE (includes records without species designation),,
ASV_865,No match,COI FULL DATABASE (includes records without species designation),,
ASV_866,No match,COI FULL DATABASE (includes records without species designation),,
ASV_867,No match,COI FULL DATABASE (includes records without species designation),,
ASV_868,Orthoptera,COI FULL DATABASE (includes records without species designation),97.14,86.41
ASV_869,No match,COI FULL DATABASE (includes records without species designation),,
ASV_870,No match,COI FULL DATABASE (includes records without species designation),,
ASV_871,No match,COI FULL DATABASE (includes records without species designation),,
ASV_872,Ceresium unicolor,COI FULL DATABASE (includes records without species designation),100,83.82
ASV_873,No match,COI FULL DATABASE (includes records without species designation),,
ASV_874,No match,COI FULL DATABASE (includes records without species designation),,
ASV_875,No match,COI FULL DATABASE (includes records without species designation),,
ASV_876,No match,COI FULL DATABASE (includes records without species designation),,
ASV_877,No match,COI FULL DATABASE (includes records without species designation),,
ASV_878,No match,COI FULL DATABASE (includes records without species designation),,
ASV_879,Araneae,COI FULL DATABASE (includes records without species designation),97.64,84.47
ASV_880,No match,COI FULL DATABASE (includes records without species designation),,
ASV_881,No match,COI FULL DATABASE (includes records without species designation),,
ASV_882,Liposcelis bostrychophila,COI FULL DATABASE (includes records without species designation),100,79.61
ASV_883,No match,COI FULL DATABASE (includes records without species designation),,
ASV_884,Basidiomycota Insecta ,COI FULL DATABASE (includes records without species designation),98.05,77.38
ASV_885,No match,COI FULL DATABASE (includes records without species designation),,
ASV_886,No match,COI FULL DATABASE (includes records without species designation),,
ASV_887,No match,COI FULL DATABASE (includes records without species designation),,
ASV_888,Coleoptera,COI FULL DATABASE (includes records without species designation),100,89.71
ASV_889,No match,COI FULL DATABASE (includes records without species designation),,
ASV_890,No match,COI FULL DATABASE (includes records without species designation),,
ASV_891,No match,COI FULL DATABASE (includes records without species designation),,
ASV_892,No match,COI FULL DATABASE (includes records without species designation),,
ASV_893,Mus musculus,COI FULL DATABASE (includes records without species designation),99.28,98.71
ASV_894,No match,COI FULL DATABASE (includes records without species designation),,
ASV_895,No match,COI FULL DATABASE (includes records without species designation),,
ASV_896,No match,COI FULL DATABASE (includes records without species designation),,
ASV_897,No match,COI FULL DATABASE (includes records without species designation),,
ASV_898,No match,COI FULL DATABASE (includes records without species designation),,
ASV_899,No match,COI FULL DATABASE (includes records without species designation),,
ASV_900,No match,COI FULL DATABASE (includes records without species designation),,