Query ID,Best ID,Search DB,,
ASV_1001,Dermaptera,COI FULL DATABASE (includes records without species designation),99.65,84.51
ASV_1002,No match,COI FULL DATABASE (includes records without species designation),,
ASV_1003,Orthoptera,COI FULL DATABASE (includes records without species designation),100,86.04
ASV_1004,No match,COI FULL DATABASE (includes records without species designation),,
ASV_1005,No match,COI FULL DATABASE (includes records without species designation),,
ASV_1006,No match,COI FULL DATABASE (includes records without species designation),,
ASV_1007,Gaurax bicoloripes,COI FULL DATABASE (includes records without species designation),100,93.85
ASV_1008,No match,COI FULL DATABASE (includes records without species designation),,
ASV_1009,No match,COI FULL DATABASE (includes records without species designation),,
ASV_1010,Araneae,COI FULL DATABASE (includes records without species designation),99.66,85.22
ASV_1011,No match,COI FULL DATABASE (includes records without species designation),,
ASV_1012,No match,COI FULL DATABASE (includes records without species designation),,
ASV_1013,No match,COI FULL DATABASE (includes records without species designation),,
ASV_1014,No match,COI FULL DATABASE (includes records without species designation),,
ASV_1015,No match,COI FULL DATABASE (includes records without species designation),,
ASV_1016,No match,COI FULL DATABASE (includes records without species designation),,
ASV_1017,No match,COI FULL DATABASE (includes records without species designation),,
ASV_1018,No match,COI FULL DATABASE (includes records without species designation),,
ASV_1019,No match,COI FULL DATABASE (includes records without species designation),,
ASV_1020,No match,COI FULL DATABASE (includes records without species designation),,
ASV_1021,No match,COI FULL DATABASE (includes records without species designation),,
ASV_1022,No match,COI FULL DATABASE (includes records without species designation),,
ASV_1023,Conoderus pallipes,COI FULL DATABASE (includes records without species designation),100,87.15
ASV_1024,No match,COI FULL DATABASE (includes records without species designation),,
ASV_1025,No match,COI FULL DATABASE (includes records without species designation),,
ASV_1026,Araneae,COI FULL DATABASE (includes records without species designation),99.63,82.2
ASV_1027,Araneae,COI FULL DATABASE (includes records without species designation),99.35,84.89
ASV_1028,No match,COI FULL DATABASE (includes records without species designation),,
ASV_1029,No match,COI FULL DATABASE (includes records without species designation),,
ASV_1030,No match,COI FULL DATABASE (includes records without species designation),,
ASV_1031,No match,COI FULL DATABASE (includes records without species designation),,
ASV_1032,Ornebius novarae,COI FULL DATABASE (includes records without species designation),99.01,83.51
ASV_1033,No match,COI FULL DATABASE (includes records without species designation),,
ASV_1034,No match,COI FULL DATABASE (includes records without species designation),,
ASV_1035,Heteropoda venatoria,COI FULL DATABASE (includes records without species designation),100,90.94
ASV_1036,No match,COI FULL DATABASE (includes records without species designation),,
ASV_1037,No match,COI FULL DATABASE (includes records without species designation),,
ASV_1038,No match,COI FULL DATABASE (includes records without species designation),,
ASV_1039,No match,COI FULL DATABASE (includes records without species designation),,
ASV_1040,No match,COI FULL DATABASE (includes records without species designation),,
ASV_1041,No match,COI FULL DATABASE (includes records without species designation),,
ASV_1042,No match,COI FULL DATABASE (includes records without species designation),,
ASV_1043,No match,COI FULL DATABASE (includes records without species designation),,
ASV_1044,No match,COI FULL DATABASE (includes records without species designation),,
ASV_1045,No match,COI FULL DATABASE (includes records without species designation),,
ASV_1046,Salmo salar,COI FULL DATABASE (includes records without species designation),100,100
ASV_1047,No match,COI FULL DATABASE (includes records without species designation),,
ASV_1048,No match,COI FULL DATABASE (includes records without species designation),,
ASV_1049,No match,COI FULL DATABASE (includes records without species designation),,
ASV_1050,No match,COI FULL DATABASE (includes records without species designation),,
ASV_1051,No match,COI FULL DATABASE (includes records without species designation),,
ASV_1052,No match,COI FULL DATABASE (includes records without species designation),,
ASV_1053,No match,COI FULL DATABASE (includes records without species designation),,
ASV_1054,No match,COI FULL DATABASE (includes records without species designation),,
ASV_1055,No match,COI FULL DATABASE (includes records without species designation),,
ASV_1056,Linepithema humile,COI FULL DATABASE (includes records without species designation),100,100
ASV_1057,No match,COI FULL DATABASE (includes records without species designation),,
ASV_1058,No match,COI FULL DATABASE (includes records without species designation),,
ASV_1059,No match,COI FULL DATABASE (includes records without species designation),,
ASV_1060,No match,COI FULL DATABASE (includes records without species designation),,
ASV_1061,No match,COI FULL DATABASE (includes records without species designation),,
ASV_1062,No match,COI FULL DATABASE (includes records without species designation),,
ASV_1063,No match,COI FULL DATABASE (includes records without species designation),,
ASV_1064,No match,COI FULL DATABASE (includes records without species designation),,
ASV_1065,No match,COI FULL DATABASE (includes records without species designation),,
ASV_1066,No match,COI FULL DATABASE (includes records without species designation),,
ASV_1067,No match,COI FULL DATABASE (includes records without species designation),,
ASV_1068,No match,COI FULL DATABASE (includes records without species designation),,
ASV_1069,No match,COI FULL DATABASE (includes records without species designation),,
ASV_1070,No match,COI FULL DATABASE (includes records without species designation),,
ASV_1071,No match,COI FULL DATABASE (includes records without species designation),,
ASV_1072,No match,COI FULL DATABASE (includes records without species designation),,
ASV_1073,No match,COI FULL DATABASE (includes records without species designation),,
ASV_1074,No match,COI FULL DATABASE (includes records without species designation),,
ASV_1075,No match,COI FULL DATABASE (includes records without species designation),,
ASV_1076,No match,COI FULL DATABASE (includes records without species designation),,
ASV_1077,No match,COI FULL DATABASE (includes records without species designation),,
ASV_1078,Hymenoptera,COI FULL DATABASE (includes records without species designation),100,90.94
ASV_1079,No match,COI FULL DATABASE (includes records without species designation),,
ASV_1080,No match,COI FULL DATABASE (includes records without species designation),,
ASV_1081,No match,COI FULL DATABASE (includes records without species designation),,
ASV_1082,Fusarium redolens,COI FULL DATABASE (includes records without species designation),99.03,87.06
ASV_1083,Heteropoda venatoria,COI FULL DATABASE (includes records without species designation),100,90.76
ASV_1084,Ectopsocus hawaiiensis,COI FULL DATABASE (includes records without species designation),100,84.47
ASV_1085,No match,COI FULL DATABASE (includes records without species designation),,
ASV_1086,Heteropoda venatoria,COI FULL DATABASE (includes records without species designation),100,90.5
ASV_1087,No match,COI FULL DATABASE (includes records without species designation),,
ASV_1088,No match,COI FULL DATABASE (includes records without species designation),,
ASV_1089,No match,COI FULL DATABASE (includes records without species designation),,
ASV_1090,No match,COI FULL DATABASE (includes records without species designation),,
ASV_1091,No match,COI FULL DATABASE (includes records without species designation),,
ASV_1092,No match,COI FULL DATABASE (includes records without species designation),,
ASV_1093,No match,COI FULL DATABASE (includes records without species designation),,
ASV_1094,No match,COI FULL DATABASE (includes records without species designation),,
ASV_1095,Coleoptera,COI FULL DATABASE (includes records without species designation),100,90.61
ASV_1096,Diptera,COI FULL DATABASE (includes records without species designation),99.68,89.97
ASV_1097,No match,COI FULL DATABASE (includes records without species designation),,
ASV_1098,Penicillium citrinum,COI FULL DATABASE (includes records without species designation),98.31,94.92
ASV_1099,No match,COI FULL DATABASE (includes records without species designation),,
ASV_1100,No match,COI FULL DATABASE (includes records without species designation),,