"","ASV","ID_bold","Search.DB","Top..","Low..","X","X.1"
"1","ASV_1","Heteropoda venatoria","COI FULL DATABASE (includes records without species designation)",100,90.95,NA,NA
"2","ASV_2","Orthoptera","COI FULL DATABASE (includes records without species designation)",100,85.76,NA,NA
"3","ASV_3","Neoscona theisi","COI FULL DATABASE (includes records without species designation)",99.63,97.09,NA,NA
"4","ASV_4","Dermaptera","COI FULL DATABASE (includes records without species designation)",99.65,85.51,NA,NA
"5","ASV_5","Pantala flavescens","COI FULL DATABASE (includes records without species designation)",100,99.35,NA,NA
"6","ASV_6","Araneae","COI FULL DATABASE (includes records without species designation)",100,85.44,NA,NA
"7","ASV_8","Smeringopus pallidus","COI FULL DATABASE (includes records without species designation)",100,81.55,NA,NA
"8","ASV_9","Neoscona theisi","COI FULL DATABASE (includes records without species designation)",99.68,97.41,NA,NA
"9","ASV_13","Smeringopus pallidus","COI FULL DATABASE (includes records without species designation)",100,81.94,NA,NA
"10","ASV_14","Theridion melanostictum","COI FULL DATABASE (includes records without species designation)",100,91.36,NA,NA
"11","ASV_16","Proteobacteria Arachnida ","COI FULL DATABASE (includes records without species designation)",100,98.8,NA,NA
"12","ASV_18","Dermaptera","COI FULL DATABASE (includes records without species designation)",100,85.76,NA,NA
"13","ASV_19","Pantala flavescens","COI FULL DATABASE (includes records without species designation)",100,99.03,NA,NA
"14","ASV_21","Neoscona theisi","COI FULL DATABASE (includes records without species designation)",100,97.73,NA,NA
"15","ASV_22","Orthoptera","COI FULL DATABASE (includes records without species designation)",100,86.08,NA,NA
"16","ASV_23","Platnickina mneon","COI FULL DATABASE (includes records without species designation)",100,89.97,NA,NA
"17","ASV_24","Pantala flavescens","COI FULL DATABASE (includes records without species designation)",100,98.71,NA,NA
"18","ASV_25","Heteropoda venatoria","COI FULL DATABASE (includes records without species designation)",99.68,90.53,NA,NA
"19","ASV_26","Scholastes lonchifer","COI FULL DATABASE (includes records without species designation)",100,88.45,NA,NA
"20","ASV_29","Neoscona theisi","COI FULL DATABASE (includes records without species designation)",99.27,96.76,NA,NA
"21","ASV_32","Dermaptera","COI FULL DATABASE (includes records without species designation)",99.65,85.79,NA,NA
"22","ASV_36","2012","COI FULL DATABASE (includes records without species designation)",99.68,90.29,NA,NA
"23","ASV_37","Orthoptera","COI FULL DATABASE (includes records without species designation)",99.52,85.76,NA,NA
"24","ASV_39","Conoderus pallipes","COI FULL DATABASE (includes records without species designation)",100,87.15,NA,NA
"25","ASV_40","Araneae","COI FULL DATABASE (includes records without species designation)",99.66,85.11,NA,NA
"26","ASV_41","Heteropoda venatoria","COI FULL DATABASE (includes records without species designation)",97.75,90.91,NA,NA
"27","ASV_43","Heteropoda venatoria","COI FULL DATABASE (includes records without species designation)",99.68,90.55,NA,NA
"28","ASV_44","Orthoptera","COI FULL DATABASE (includes records without species designation)",100,86.41,NA,NA
"29","ASV_48","Mus musculus","COI FULL DATABASE (includes records without species designation)",100,99.35,NA,NA
"30","ASV_49","Anisolabis maritima","COI FULL DATABASE (includes records without species designation)",100,88.03,NA,NA
"31","ASV_50","Dermaptera","COI FULL DATABASE (includes records without species designation)",99.65,85.14,NA,NA
"32","ASV_51","Dermaptera","COI FULL DATABASE (includes records without species designation)",99.3,85.11,NA,NA
"33","ASV_52","Nylanderia bourbonica","COI FULL DATABASE (includes records without species designation)",100,98.71,NA,NA
"34","ASV_53","Orthoptera","COI FULL DATABASE (includes records without species designation)",99.03,86.19,NA,NA
"35","ASV_54","Orthoptera","COI FULL DATABASE (includes records without species designation)",100,85.76,NA,NA
"36","ASV_55","Orthoptera","COI FULL DATABASE (includes records without species designation)",100,86.08,NA,NA
"37","ASV_56","Araneae","COI FULL DATABASE (includes records without species designation)",98.06,90.42,NA,NA
"38","ASV_57","Dermaptera","COI FULL DATABASE (includes records without species designation)",98.25,85.44,NA,NA
"39","ASV_58","Rickettsiales","COI FULL DATABASE (includes records without species designation)",99.44,98.94,NA,NA
"40","ASV_59","Blattodea","COI FULL DATABASE (includes records without species designation)",100,84.77,NA,NA
"41","ASV_60","Heteropoda venatoria","COI FULL DATABASE (includes records without species designation)",100,90.58,NA,NA
"42","ASV_61","Rickettsiales","COI FULL DATABASE (includes records without species designation)",99.25,96.42,NA,NA
"43","ASV_64","2012","COI FULL DATABASE (includes records without species designation)",100,90.61,NA,NA
"44","ASV_66","Psocodea","COI FULL DATABASE (includes records without species designation)",100,100,NA,NA
"45","ASV_67","Dermaptera","COI FULL DATABASE (includes records without species designation)",98.6,85.98,NA,NA
"46","ASV_68","Dermaptera","COI FULL DATABASE (includes records without species designation)",99.3,85.44,NA,NA
"47","ASV_71","Heteropoda venatoria","COI FULL DATABASE (includes records without species designation)",99.68,90.53,NA,NA
"48","ASV_72","Heteropoda venatoria","COI FULL DATABASE (includes records without species designation)",99.35,90.61,NA,NA
"49","ASV_75","Heteropoda venatoria","COI FULL DATABASE (includes records without species designation)",99.68,90.76,NA,NA
"50","ASV_78","Neoscona theisi","COI FULL DATABASE (includes records without species designation)",99.27,96.76,NA,NA
"51","ASV_80","Pycnoscelus surinamensis","COI FULL DATABASE (includes records without species designation)",100,85.76,NA,NA
"52","ASV_83","Agonoxena argaula","COI FULL DATABASE (includes records without species designation)",100,89.32,NA,NA
"53","ASV_84","Wolbachia endosymbiont","COI FULL DATABASE (includes records without species designation)",97.12,88.51,NA,NA
"54","ASV_85","Heteropoda venatoria","COI FULL DATABASE (includes records without species designation)",100,90.95,NA,NA
"55","ASV_86","Araneae","COI FULL DATABASE (includes records without species designation)",99.66,85.19,NA,NA
"56","ASV_87","Orthoptera","COI FULL DATABASE (includes records without species designation)",100,84.21,NA,NA
"57","ASV_91","Periplaneta australasiae","COI FULL DATABASE (includes records without species designation)",100,92.23,NA,NA
"58","ASV_93","Araneae","COI FULL DATABASE (includes records without species designation)",98.99,85.44,NA,NA
"59","ASV_94","Hasarius adansoni","COI FULL DATABASE (includes records without species designation)",100,89.64,NA,NA
"60","ASV_95","Smeringopus pallidus","COI FULL DATABASE (includes records without species designation)",100,81.55,NA,NA
"61","ASV_96","Entomobryomorpha","COI FULL DATABASE (includes records without species designation)",99.02,94.12,NA,NA
"62","ASV_97","Dermaptera","COI FULL DATABASE (includes records without species designation)",99.3,85.11,NA,NA
"63","ASV_98","Mus musculus","COI FULL DATABASE (includes records without species designation)",99.64,99.03,NA,NA
"64","ASV_100","Entomobryomorpha","COI FULL DATABASE (includes records without species designation)",99.01,81.89,NA,NA
"65","ASV_102","Neoscona theisi","COI FULL DATABASE (includes records without species designation)",NA,NA,99.27,96.76
"66","ASV_108","Dermaptera","COI FULL DATABASE (includes records without species designation)",NA,NA,98.95,85.76
"67","ASV_110","Wolbachia endosymbiont","COI FULL DATABASE (includes records without species designation)",NA,NA,97.53,88.89
"68","ASV_113","Araneae","COI FULL DATABASE (includes records without species designation)",NA,NA,97.73,90.43
"69","ASV_115","Smeringopus pallidus","COI FULL DATABASE (includes records without species designation)",NA,NA,100,81.94
"70","ASV_116","Dermaptera","COI FULL DATABASE (includes records without species designation)",NA,NA,99.3,85.19
"71","ASV_117","Araneae","COI FULL DATABASE (includes records without species designation)",NA,NA,98.71,90.57
"72","ASV_120","Araneae","COI FULL DATABASE (includes records without species designation)",NA,NA,98.65,85.11
"73","ASV_122","Araneae","COI FULL DATABASE (includes records without species designation)",NA,NA,99.66,85.52
"74","ASV_123","Arthropoda Arachnida ","COI FULL DATABASE (includes records without species designation)",NA,NA,100,82.03
"75","ASV_124","2012","COI FULL DATABASE (includes records without species designation)",NA,NA,100,90.6
"76","ASV_125","Pycnoscelus sp. B103","COI FULL DATABASE (includes records without species designation)",NA,NA,100,86.73
"77","ASV_126","Dermaptera","COI FULL DATABASE (includes records without species designation)",NA,NA,98.95,85.44
"78","ASV_127","Psocodea","COI FULL DATABASE (includes records without species designation)",NA,NA,100,80.78
"79","ASV_131","Penicillium citrinum","COI FULL DATABASE (includes records without species designation)",NA,NA,98.31,94.92
"80","ASV_132","Heteropoda venatoria","COI FULL DATABASE (includes records without species designation)",NA,NA,100,90.94
"81","ASV_138","Dermaptera","COI FULL DATABASE (includes records without species designation)",NA,NA,97.54,85.44
"82","ASV_140","Dermaptera","COI FULL DATABASE (includes records without species designation)",NA,NA,97.89,85.44
"83","ASV_142","Orthoptera","COI FULL DATABASE (includes records without species designation)",NA,NA,100,85.6
"84","ASV_145","Basidiomycota Insecta ","COI FULL DATABASE (includes records without species designation)",NA,NA,98.45,76.98
"85","ASV_147","Psocodea","COI FULL DATABASE (includes records without species designation)",NA,NA,100,81.23
"86","ASV_148","Blattodea","COI FULL DATABASE (includes records without species designation)",NA,NA,100,84.57
"87","ASV_149","Heteropoda venatoria","COI FULL DATABASE (includes records without species designation)",NA,NA,97.73,89.64
"88","ASV_150","Araneae","COI FULL DATABASE (includes records without species designation)",NA,NA,99.66,85.11
"89","ASV_155","Heteropoda venatoria","COI FULL DATABASE (includes records without species designation)",NA,NA,99.68,90.53
"90","ASV_156","Heteropoda venatoria","COI FULL DATABASE (includes records without species designation)",NA,NA,99.68,91.19
"91","ASV_162","Dermaptera","COI FULL DATABASE (includes records without species designation)",NA,NA,97.19,85.76
"92","ASV_164","Lepidopsocus marmoratus","COI FULL DATABASE (includes records without species designation)",NA,NA,100,87.18
"93","ASV_165","Dermaptera","COI FULL DATABASE (includes records without species designation)",NA,NA,99.3,85.51
"94","ASV_170","Dermaptera","COI FULL DATABASE (includes records without species designation)",NA,NA,97.18,85.39
"95","ASV_173","Siphunculina striolata","COI FULL DATABASE (includes records without species designation)",NA,NA,100,91.59
"96","ASV_175","Dermaptera","COI FULL DATABASE (includes records without species designation)",NA,NA,98.25,85.76
"97","ASV_179","Diptera","COI FULL DATABASE (includes records without species designation)",NA,NA,100,83.41
"98","ASV_180","Scholastes lonchifer","COI FULL DATABASE (includes records without species designation)",NA,NA,100,88.45
"99","ASV_181","Diploptera punctata","COI FULL DATABASE (includes records without species designation)",NA,NA,100,82.52
"100","ASV_183","Pycnoscelus surinamensis","COI FULL DATABASE (includes records without species designation)",NA,NA,100,86.21
"101","ASV_186","Symphypleona","COI FULL DATABASE (includes records without species designation)",NA,NA,99.68,81.94
"102","ASV_188","Dermaptera","COI FULL DATABASE (includes records without species designation)",NA,NA,98.95,85.76
"103","ASV_190","Heteropoda venatoria","COI FULL DATABASE (includes records without species designation)",NA,NA,99.68,90.53
"104","ASV_191","Blattodea","COI FULL DATABASE (includes records without species designation)",NA,NA,100,84.57
"105","ASV_195","Dermaptera","COI FULL DATABASE (includes records without species designation)",NA,NA,97.19,85.44
"106","ASV_197","Dermaptera","COI FULL DATABASE (includes records without species designation)",NA,NA,99.29,85.29
"107","ASV_198","Proteobacteria Insecta ","COI FULL DATABASE (includes records without species designation)",NA,NA,100,98.8
"108","ASV_201","2012","COI FULL DATABASE (includes records without species designation)",NA,NA,99.35,89.97
"109","ASV_202","Heteropoda venatoria","COI FULL DATABASE (includes records without species designation)",NA,NA,98.77,90.8
"110","ASV_204","Dermaptera","COI FULL DATABASE (includes records without species designation)",NA,NA,97.89,85.98
"111","ASV_205","Dermaptera","COI FULL DATABASE (includes records without species designation)",NA,NA,98.94,85.39
"112","ASV_206","Neoscona theisi","COI FULL DATABASE (includes records without species designation)",NA,NA,99.35,97.09
"113","ASV_208","Dermaptera","COI FULL DATABASE (includes records without species designation)",NA,NA,99.65,85.45
"114","ASV_211","Agonoxena argaula","COI FULL DATABASE (includes records without species designation)",NA,NA,100,89.32
"115","ASV_217","Heteropoda venatoria","COI FULL DATABASE (includes records without species designation)",NA,NA,99.68,90.53
"116","ASV_219","Hemiptera","COI FULL DATABASE (includes records without species designation)",NA,NA,98.6,85.37
"117","ASV_224","Neurospora crassa","COI FULL DATABASE (includes records without species designation)",NA,NA,97.41,84.04
"118","ASV_225","Araneae","COI FULL DATABASE (includes records without species designation)",NA,NA,99.33,85.39
"119","ASV_230","Orthoptera","COI FULL DATABASE (includes records without species designation)",NA,NA,100,85.6
"120","ASV_235","Dermaptera","COI FULL DATABASE (includes records without species designation)",NA,NA,99.3,85.76
"121","ASV_236","Orthoptera","COI FULL DATABASE (includes records without species designation)",NA,NA,97.14,87.7
"122","ASV_238","Dermaptera","COI FULL DATABASE (includes records without species designation)",NA,NA,97.89,85.76
"123","ASV_240","Heteropoda venatoria","COI FULL DATABASE (includes records without species designation)",NA,NA,100,90.95
"124","ASV_243","Scholastes lonchifer","COI FULL DATABASE (includes records without species designation)",NA,NA,99.34,87.94
"125","ASV_245","Bradysia ocellaris","COI FULL DATABASE (includes records without species designation)",NA,NA,100,94.61
"126","ASV_246","Dermaptera","COI FULL DATABASE (includes records without species designation)",NA,NA,98.6,85.11
"127","ASV_251","Smeringopus pallidus","COI FULL DATABASE (includes records without species designation)",NA,NA,100,81.55
"128","ASV_252","Dermaptera","COI FULL DATABASE (includes records without species designation)",NA,NA,97.19,85.44
"129","ASV_253","Scytodes longipes","COI FULL DATABASE (includes records without species designation)",NA,NA,98.06,84.79
"130","ASV_257","Diptera","COI FULL DATABASE (includes records without species designation)",NA,NA,100,99.68
"131","ASV_258","Neoscona theisi","COI FULL DATABASE (includes records without species designation)",NA,NA,99.63,96.76
"132","ASV_259","Heteropoda venatoria","COI FULL DATABASE (includes records without species designation)",NA,NA,100,90.83
"133","ASV_260","Dermaptera","COI FULL DATABASE (includes records without species designation)",NA,NA,98.6,85.11
"134","ASV_264","Araneae","COI FULL DATABASE (includes records without species designation)",NA,NA,99.33,85.52
"135","ASV_271","Lepidodactylus lugubris","COI FULL DATABASE (includes records without species designation)",NA,NA,100,81.25
"136","ASV_276","Dermaptera","COI FULL DATABASE (includes records without species designation)",NA,NA,99.3,85.44
"137","ASV_277","Dermaptera","COI FULL DATABASE (includes records without species designation)",NA,NA,97.54,85.76
"138","ASV_282","Dermaptera","COI FULL DATABASE (includes records without species designation)",NA,NA,99.3,85.44
"139","ASV_284","Heteropoda venatoria","COI FULL DATABASE (includes records without species designation)",NA,NA,99.38,90.2
"140","ASV_286","2012","COI FULL DATABASE (includes records without species designation)",NA,NA,99.68,90.29
"141","ASV_288","Dermaptera","COI FULL DATABASE (includes records without species designation)",NA,NA,98.6,86.08
"142","ASV_289","Dermaptera","COI FULL DATABASE (includes records without species designation)",NA,NA,99.3,85.44
"143","ASV_290","Dermaptera","COI FULL DATABASE (includes records without species designation)",NA,NA,97.54,85.44
"144","ASV_293","Orthoptera","COI FULL DATABASE (includes records without species designation)",NA,NA,100,86.08
"145","ASV_294","Nylanderia vividula","COI FULL DATABASE (includes records without species designation)",NA,NA,100,91.45
"146","ASV_297","Heteropoda venatoria","COI FULL DATABASE (includes records without species designation)",NA,NA,100,90.59
"147","ASV_298","Diptera","COI FULL DATABASE (includes records without species designation)",NA,NA,97.41,93.33
"148","ASV_299","Basidiomycota Insecta ","COI FULL DATABASE (includes records without species designation)",NA,NA,100,77.12
"149","ASV_303","Dactylosternum abdominale","COI FULL DATABASE (includes records without species designation)",98.71,83.82,NA,NA
"150","ASV_305","Dermaptera","COI FULL DATABASE (includes records without species designation)",97.54,85.76,NA,NA
"151","ASV_306","Coleoptera","COI FULL DATABASE (includes records without species designation)",100,85.14,NA,NA
"152","ASV_309","Smeringopus pallidus","COI FULL DATABASE (includes records without species designation)",99.67,81.7,NA,NA
"153","ASV_313","Smeringopus pallidus","COI FULL DATABASE (includes records without species designation)",99.67,81.69,NA,NA
"154","ASV_315","Dermaptera","COI FULL DATABASE (includes records without species designation)",99.65,85.76,NA,NA
"155","ASV_317","Dermaptera","COI FULL DATABASE (includes records without species designation)",98.95,85.44,NA,NA
"156","ASV_318","Mus musculus","COI FULL DATABASE (includes records without species designation)",99.64,99.03,NA,NA
"157","ASV_319","Lepidoptera","COI FULL DATABASE (includes records without species designation)",100,92.56,NA,NA
"158","ASV_320","Dermaptera","COI FULL DATABASE (includes records without species designation)",99.3,84.97,NA,NA
"159","ASV_322","Neoscona theisi","COI FULL DATABASE (includes records without species designation)",100,97.41,NA,NA
"160","ASV_326","Selenothrips rubrocinctus","COI FULL DATABASE (includes records without species designation)",100,78.76,NA,NA
"161","ASV_330","Smeringopus pallidus","COI FULL DATABASE (includes records without species designation)",100,81.94,NA,NA
"162","ASV_331","Smeringopus pallidus","COI FULL DATABASE (includes records without species designation)",99.68,81.23,NA,NA
"163","ASV_332","Orthoptera","COI FULL DATABASE (includes records without species designation)",100,85.76,NA,NA
"164","ASV_333","Orthoptera","COI FULL DATABASE (includes records without species designation)",99.68,83.94,NA,NA
"165","ASV_334","Heteropoda venatoria","COI FULL DATABASE (includes records without species designation)",100,90.69,NA,NA
"166","ASV_338","Dermaptera","COI FULL DATABASE (includes records without species designation)",98.25,86.04,NA,NA
"167","ASV_343","Dermaptera","COI FULL DATABASE (includes records without species designation)",99.65,85.44,NA,NA
"168","ASV_346","Mus musculus","COI FULL DATABASE (includes records without species designation)",100,99.03,NA,NA
"169","ASV_355","Dermaptera","COI FULL DATABASE (includes records without species designation)",99.3,85.44,NA,NA
"170","ASV_359","Heteropoda venatoria","COI FULL DATABASE (includes records without species designation)",100,90.94,NA,NA
"171","ASV_361","Proteobacteria Arachnida ","COI FULL DATABASE (includes records without species designation)",99.37,98.39,NA,NA
"172","ASV_367","Araneae","COI FULL DATABASE (includes records without species designation)",99.33,84.85,NA,NA
"173","ASV_368","Dermaptera","COI FULL DATABASE (includes records without species designation)",99.3,85.44,NA,NA
"174","ASV_369","Dermaptera","COI FULL DATABASE (includes records without species designation)",99.3,85.76,NA,NA
"175","ASV_370","Lepidoptera","COI FULL DATABASE (includes records without species designation)",99.68,89.64,NA,NA
"176","ASV_371","Erechthias simulans","COI FULL DATABASE (includes records without species designation)",100,89.64,NA,NA
"177","ASV_380","Dermaptera","COI FULL DATABASE (includes records without species designation)",99.3,85.44,NA,NA
"178","ASV_384","Dermaptera","COI FULL DATABASE (includes records without species designation)",99.3,85.44,NA,NA
"179","ASV_390","Dermaptera","COI FULL DATABASE (includes records without species designation)",99.65,86.08,NA,NA
"180","ASV_391","Dermaptera","COI FULL DATABASE (includes records without species designation)",99.29,85.9,NA,NA
"181","ASV_392","Platnickina mneon","COI FULL DATABASE (includes records without species designation)",99.68,89.64,NA,NA
"182","ASV_400","Diptera","COI FULL DATABASE (includes records without species designation)",100,90.3,NA,NA
"183","ASV_403","Heteropoda venatoria","COI FULL DATABASE (includes records without species designation)",NA,NA,99.35,90.12
"184","ASV_406","Dermaptera","COI FULL DATABASE (includes records without species designation)",NA,NA,99.3,85.44
"185","ASV_411","Heteropoda venatoria","COI FULL DATABASE (includes records without species designation)",NA,NA,99.68,90.58
"186","ASV_414","Proteobacteria Arachnida ","COI FULL DATABASE (includes records without species designation)",NA,NA,100,98.8
"187","ASV_417","Mus musculus","COI FULL DATABASE (includes records without species designation)",NA,NA,99.64,99.03
"188","ASV_419","Araneae","COI FULL DATABASE (includes records without species designation)",NA,NA,99.66,85.11
"189","ASV_423","Araneae","COI FULL DATABASE (includes records without species designation)",NA,NA,98.88,82.03
"190","ASV_425","Cephalochrysa maxima","COI FULL DATABASE (includes records without species designation)",NA,NA,100,88.35
"191","ASV_433","Dermaptera","COI FULL DATABASE (includes records without species designation)",NA,NA,99.65,85.51
"192","ASV_436","Neoscona theisi","COI FULL DATABASE (includes records without species designation)",NA,NA,99.63,97.09
"193","ASV_441","Lamprolonchaea metatarsata","COI FULL DATABASE (includes records without species designation)",NA,NA,100,95.1
"194","ASV_442","Conoderus pallipes","COI FULL DATABASE (includes records without species designation)",NA,NA,99.68,87.55
"195","ASV_448","Agonoxena argaula","COI FULL DATABASE (includes records without species designation)",NA,NA,99.68,89.64
"196","ASV_450","Diptera","COI FULL DATABASE (includes records without species designation)",NA,NA,99.17,83.72
"197","ASV_452","Heteropoda venatoria","COI FULL DATABASE (includes records without species designation)",NA,NA,100,89.96
"198","ASV_453","Dermaptera","COI FULL DATABASE (includes records without species designation)",NA,NA,99.3,85.11
"199","ASV_455","Coleoptera","COI FULL DATABASE (includes records without species designation)",NA,NA,99.68,85.76
"200","ASV_458","Conoderus pallipes","COI FULL DATABASE (includes records without species designation)",NA,NA,99.68,86.75
"201","ASV_463","Heteropoda venatoria","COI FULL DATABASE (includes records without species designation)",NA,NA,100,90.94
"202","ASV_466","Dermaptera","COI FULL DATABASE (includes records without species designation)",NA,NA,99.3,85.44
"203","ASV_468","Orthoptera","COI FULL DATABASE (includes records without species designation)",NA,NA,98.1,86.73
"204","ASV_469","Ectopsocus sp.","COI FULL DATABASE (includes records without species designation)",NA,NA,100,84.95
"205","ASV_474","Dermaptera","COI FULL DATABASE (includes records without species designation)",NA,NA,99.3,85.44
"206","ASV_475","Heteropoda venatoria","COI FULL DATABASE (includes records without species designation)",NA,NA,99.35,90.12
"207","ASV_480","Heteropoda venatoria","COI FULL DATABASE (includes records without species designation)",NA,NA,99.68,90.53
"208","ASV_481","Heteropoda venatoria","COI FULL DATABASE (includes records without species designation)",NA,NA,99.38,90.12
"209","ASV_485","Neoscona theisi","COI FULL DATABASE (includes records without species designation)",NA,NA,99.57,96.76
"210","ASV_486","Scholastes lonchifer","COI FULL DATABASE (includes records without species designation)",NA,NA,99.67,88.37
"211","ASV_488","Liriomyza sativae","COI FULL DATABASE (includes records without species designation)",NA,NA,100,100
"212","ASV_495","Pantala flavescens","COI FULL DATABASE (includes records without species designation)",NA,NA,99.68,98.71
"213","ASV_496","Proteobacteria Insecta ","COI FULL DATABASE (includes records without species designation)",NA,NA,100,98.8
"214","ASV_498","Pycnoscelus indicus","COI FULL DATABASE (includes records without species designation)",NA,NA,97.41,86.08
"215","ASV_501","Platnickina mneon","COI FULL DATABASE (includes records without species designation)",NA,NA,100,89.97
"216","ASV_504","Piletocera signiferalis","COI FULL DATABASE (includes records without species designation)",NA,NA,100,92.88
"217","ASV_505","Proteobacteria Insecta ","COI FULL DATABASE (includes records without species designation)",NA,NA,99.37,98.39
"218","ASV_507","Isopoda","COI FULL DATABASE (includes records without species designation)",NA,NA,100,80.07
"219","ASV_509","Araneae","COI FULL DATABASE (includes records without species designation)",NA,NA,99.66,85.44
"220","ASV_511","Saccharomyces cerevisiae YJM1527","COI FULL DATABASE (includes records without species designation)",NA,NA,100,93.85
"221","ASV_512","Heteropoda venatoria","COI FULL DATABASE (includes records without species designation)",NA,NA,99.03,90.29
"222","ASV_513","Dermaptera","COI FULL DATABASE (includes records without species designation)",NA,NA,97.89,85.76
"223","ASV_515","Pheidole megacephala","COI FULL DATABASE (includes records without species designation)",NA,NA,100,100
"224","ASV_516","Diptera","COI FULL DATABASE (includes records without species designation)",NA,NA,100,98.08
"225","ASV_518","Proteobacteria Insecta ","COI FULL DATABASE (includes records without species designation)",NA,NA,99.37,98.38
"226","ASV_523","Heteropoda venatoria","COI FULL DATABASE (includes records without species designation)",NA,NA,100,90.95
"227","ASV_525","Araneae","COI FULL DATABASE (includes records without species designation)",NA,NA,99.66,85.11
"228","ASV_526","Wolbachia endosymbiont of Formicidae","COI FULL DATABASE (includes records without species designation)",NA,NA,100,97.71
"229","ASV_527","Dermaptera","COI FULL DATABASE (includes records without species designation)",NA,NA,99.3,85.11
"230","ASV_541","Heteropoda venatoria","COI FULL DATABASE (includes records without species designation)",NA,NA,100,90.95
"231","ASV_543","Lepidoptera","COI FULL DATABASE (includes records without species designation)",NA,NA,100,89.97
"232","ASV_550","Dermaptera","COI FULL DATABASE (includes records without species designation)",NA,NA,97.89,86.08
"233","ASV_551","Orthoptera","COI FULL DATABASE (includes records without species designation)",NA,NA,99.35,85.27
"234","ASV_552","Psocodea","COI FULL DATABASE (includes records without species designation)",NA,NA,100,100
"235","ASV_562","Scholastes lonchifer","COI FULL DATABASE (includes records without species designation)",NA,NA,100,88.45
"236","ASV_566","Coleoptera","COI FULL DATABASE (includes records without species designation)",NA,NA,98.04,85.95
"237","ASV_569","Scholastes lonchifer","COI FULL DATABASE (includes records without species designation)",NA,NA,99.68,88.02
"238","ASV_573","Heteropoda venatoria","COI FULL DATABASE (includes records without species designation)",NA,NA,100,90.95
"239","ASV_579","Heteropoda venatoria","COI FULL DATABASE (includes records without species designation)",NA,NA,99.68,90.53
"240","ASV_581","Dermaptera","COI FULL DATABASE (includes records without species designation)",NA,NA,98.58,85.29
"241","ASV_583","Dermaptera","COI FULL DATABASE (includes records without species designation)",NA,NA,99.3,85.44
"242","ASV_587","Heteropoda venatoria","COI FULL DATABASE (includes records without species designation)",NA,NA,98.06,90
"243","ASV_588","Dermaptera","COI FULL DATABASE (includes records without species designation)",NA,NA,98.95,85.11
"244","ASV_598","Araneae","COI FULL DATABASE (includes records without species designation)",NA,NA,99.66,85.22
"245","ASV_599","Dermaptera","COI FULL DATABASE (includes records without species designation)",NA,NA,98.94,85.95
"246","ASV_603","Proteobacteria  ","COI FULL DATABASE (includes records without species designation)",NA,NA,100,98.78
"247","ASV_606","Dermaptera","COI FULL DATABASE (includes records without species designation)",NA,NA,99.3,85.11
"248","ASV_607","Nylanderia bourbonica","COI FULL DATABASE (includes records without species designation)",NA,NA,99.68,98.38
"249","ASV_608","Dermaptera","COI FULL DATABASE (includes records without species designation)",NA,NA,98.93,85.57
"250","ASV_609","Mus musculus","COI FULL DATABASE (includes records without species designation)",NA,NA,99.64,99.03
"251","ASV_615","Smeringopus pallidus","COI FULL DATABASE (includes records without species designation)",NA,NA,100,81.55
"252","ASV_618","Theridion melanostictum","COI FULL DATABASE (includes records without species designation)",NA,NA,99.18,91.26
"253","ASV_619","Araneae","COI FULL DATABASE (includes records without species designation)",NA,NA,99.33,84.79
"254","ASV_627","Dermaptera","COI FULL DATABASE (includes records without species designation)",NA,NA,99.3,85.11
"255","ASV_628","Pheidole megacephala","COI FULL DATABASE (includes records without species designation)",NA,NA,100,100
"256","ASV_634","Dermaptera","COI FULL DATABASE (includes records without species designation)",NA,NA,99.3,85.11
"257","ASV_637","Araneae","COI FULL DATABASE (includes records without species designation)",NA,NA,99.66,85.19
"258","ASV_639","Psocodea","COI FULL DATABASE (includes records without species designation)",NA,NA,100,87.7
"259","ASV_642","Rhodotorula taiwanensis RS1","COI FULL DATABASE (includes records without species designation)",NA,NA,97.73,76.29
"260","ASV_643","Mus musculus","COI FULL DATABASE (includes records without species designation)",NA,NA,99.64,99.03
"261","ASV_649","Araneae","COI FULL DATABASE (includes records without species designation)",NA,NA,99.66,85.11
"262","ASV_654","Periplaneta australasiae","COI FULL DATABASE (includes records without species designation)",NA,NA,97.41,90.94
"263","ASV_658","Diptera","COI FULL DATABASE (includes records without species designation)",NA,NA,98.04,85.29
"264","ASV_663","Echmepteryx madagascariensis","COI FULL DATABASE (includes records without species designation)",NA,NA,100,85.88
"265","ASV_664","Araneae","COI FULL DATABASE (includes records without species designation)",NA,NA,97.31,84.47
"266","ASV_674","Araneae","COI FULL DATABASE (includes records without species designation)",NA,NA,97.31,85.11
"267","ASV_675","Araneae","COI FULL DATABASE (includes records without species designation)",NA,NA,99.66,85.44
"268","ASV_676","Entomobryomorpha","COI FULL DATABASE (includes records without species designation)",NA,NA,98.75,93.79
"269","ASV_677","Nylanderia sp. CHR01","COI FULL DATABASE (includes records without species designation)",NA,NA,100,91.59
"270","ASV_681","Styringomyia didyma","COI FULL DATABASE (includes records without species designation)",NA,NA,100,91.76
"271","ASV_682","2017","COI FULL DATABASE (includes records without species designation)",NA,NA,97.03,85.76
"272","ASV_687","Diptera","COI FULL DATABASE (includes records without species designation)",NA,NA,100,80.58
"273","ASV_690","Mus musculus","COI FULL DATABASE (includes records without species designation)",NA,NA,99.64,99.03
"274","ASV_692","Neoscona theisi","COI FULL DATABASE (includes records without species designation)",NA,NA,99.27,96.76
"275","ASV_693","Dermaptera","COI FULL DATABASE (includes records without species designation)",NA,NA,97.89,85.76
"276","ASV_696","Dasyhelea ludingensis","COI FULL DATABASE (includes records without species designation)",NA,NA,100,100
"277","ASV_701","Ectopsocus fullawayi","COI FULL DATABASE (includes records without species designation)",NA,NA,99.03,84.27
"278","ASV_704","Dermaptera","COI FULL DATABASE (includes records without species designation)",NA,NA,97.19,87.06
"279","ASV_706","Neoscona theisi","COI FULL DATABASE (includes records without species designation)",NA,NA,98.39,95.16
"280","ASV_710","Neoscona theisi","COI FULL DATABASE (includes records without species designation)",NA,NA,99.63,96.76
"281","ASV_716","Neoscona theisi","COI FULL DATABASE (includes records without species designation)",NA,NA,99.6,94.5
"282","ASV_720","Basidiomycota Arachnida ","COI FULL DATABASE (includes records without species designation)",NA,NA,100,75.73
"283","ASV_724","Heteropoda venatoria","COI FULL DATABASE (includes records without species designation)",NA,NA,99.68,90.53
"284","ASV_725","Mus musculus","COI FULL DATABASE (includes records without species designation)",NA,NA,99.64,99.03
"285","ASV_726","Smeringopus pallidus","COI FULL DATABASE (includes records without species designation)",NA,NA,99.54,80.91
"286","ASV_730","Mus musculus","COI FULL DATABASE (includes records without species designation)",NA,NA,99.64,99.03
"287","ASV_733","Wolbachia sp. Tetraponera manangotra","COI FULL DATABASE (includes records without species designation)",NA,NA,99.03,97.99
"288","ASV_734","Proteobacteria Alphaproteobacteria ","COI FULL DATABASE (includes records without species designation)",NA,NA,100,98.78
"289","ASV_736","Heteropoda venatoria","COI FULL DATABASE (includes records without species designation)",NA,NA,99.67,90.48
"290","ASV_739","Diptera","COI FULL DATABASE (includes records without species designation)",NA,NA,99.67,99.67
"291","ASV_743","Araneae","COI FULL DATABASE (includes records without species designation)",NA,NA,99.31,85.33
"292","ASV_746","Pycnoscelus surinamensis","COI FULL DATABASE (includes records without species designation)",NA,NA,100,86.41
"293","ASV_748","Chrysotus cockerellae","COI FULL DATABASE (includes records without species designation)",NA,NA,100,91.36
"294","ASV_753","Diptera","COI FULL DATABASE (includes records without species designation)",NA,NA,100,97.76
"295","ASV_767","Heteropoda venatoria","COI FULL DATABASE (includes records without species designation)",NA,NA,97.53,90.22
"296","ASV_768","Dermaptera","COI FULL DATABASE (includes records without species designation)",NA,NA,97.18,85.06
"297","ASV_774","Penicillium citrinum","COI FULL DATABASE (includes records without species designation)",NA,NA,100,96.61
"298","ASV_775","Phytophthora nicotianae","COI FULL DATABASE (includes records without species designation)",NA,NA,100,95.79
"299","ASV_776","2014a","COI FULL DATABASE (includes records without species designation)",NA,NA,100,80.91
"300","ASV_777","Heteropoda venatoria","COI FULL DATABASE (includes records without species designation)",NA,NA,99.67,91.15
"301","ASV_778","Pheidole megacephala","COI FULL DATABASE (includes records without species designation)",NA,NA,100,100
"302","ASV_781","Linepithema humile","COI FULL DATABASE (includes records without species designation)",NA,NA,100,100
"303","ASV_784","Ponera swezeyi","COI FULL DATABASE (includes records without species designation)",NA,NA,100,100
"304","ASV_788","Heteropoda venatoria","COI FULL DATABASE (includes records without species designation)",NA,NA,100,90.95
"305","ASV_789","Mus musculus","COI FULL DATABASE (includes records without species designation)",NA,NA,99.64,99.03
"306","ASV_791","Wolbachia sp. Tetraponera manangotra","COI FULL DATABASE (includes records without species designation)",NA,NA,99.68,98.07
"307","ASV_792","Aspergillus niger","COI FULL DATABASE (includes records without species designation)",NA,NA,100,90.4
"308","ASV_793","Tyrophagus putrescentiae","COI FULL DATABASE (includes records without species designation)",NA,NA,97.41,96.44
"309","ASV_795","Pantala flavescens","COI FULL DATABASE (includes records without species designation)",NA,NA,97.73,96.76
"310","ASV_799","Proteobacteria Insecta ","COI FULL DATABASE (includes records without species designation)",NA,NA,99.37,98.39
"311","ASV_803","Pantala flavescens","COI FULL DATABASE (includes records without species designation)",NA,NA,99.68,98.71
"312","ASV_808","Pycnoscelus surinamensis","COI FULL DATABASE (includes records without species designation)",NA,NA,99.05,85.76
"313","ASV_809","Heteropoda venatoria","COI FULL DATABASE (includes records without species designation)",NA,NA,99.35,90.12
"314","ASV_817","Mus musculus","COI FULL DATABASE (includes records without species designation)",NA,NA,99.64,99.02
"315","ASV_818","Mus musculus","COI FULL DATABASE (includes records without species designation)",NA,NA,100,99.34
"316","ASV_819","Araneae","COI FULL DATABASE (includes records without species designation)",NA,NA,99.33,84.85
"317","ASV_822","Heteropoda venatoria","COI FULL DATABASE (includes records without species designation)",NA,NA,100,90.29
"318","ASV_826","Orthoptera","COI FULL DATABASE (includes records without species designation)",NA,NA,100,86.41
"319","ASV_838","Orthoptera","COI FULL DATABASE (includes records without species designation)",NA,NA,100,86.07
"320","ASV_839","Sula sula","COI FULL DATABASE (includes records without species designation)",NA,NA,100,88.35
"321","ASV_844","Heteropoda venatoria","COI FULL DATABASE (includes records without species designation)",NA,NA,100,90.59
"322","ASV_850","Pheidole megacephala","COI FULL DATABASE (includes records without species designation)",NA,NA,100,100
"323","ASV_851","Mus musculus","COI FULL DATABASE (includes records without species designation)",NA,NA,99.64,99.03
"324","ASV_855","Scholastes lonchifer","COI FULL DATABASE (includes records without species designation)",NA,NA,99.35,87.72
"325","ASV_860","Blattodea","COI FULL DATABASE (includes records without species designation)",NA,NA,99.68,84.36
"326","ASV_868","Orthoptera","COI FULL DATABASE (includes records without species designation)",NA,NA,97.14,86.41
"327","ASV_872","Ceresium unicolor","COI FULL DATABASE (includes records without species designation)",NA,NA,100,83.82
"328","ASV_879","Araneae","COI FULL DATABASE (includes records without species designation)",NA,NA,97.64,84.47
"329","ASV_882","Liposcelis bostrychophila","COI FULL DATABASE (includes records without species designation)",NA,NA,100,79.61
"330","ASV_884","Basidiomycota Insecta ","COI FULL DATABASE (includes records without species designation)",NA,NA,98.05,77.38
"331","ASV_888","Coleoptera","COI FULL DATABASE (includes records without species designation)",NA,NA,100,89.71
"332","ASV_893","Mus musculus","COI FULL DATABASE (includes records without species designation)",NA,NA,99.28,98.71
"333","ASV_902","Diptera","COI FULL DATABASE (includes records without species designation)",NA,NA,100,92.88
"334","ASV_903","Hymenoptera","COI FULL DATABASE (includes records without species designation)",NA,NA,100,96.44
"335","ASV_924","Periplaneta australasiae","COI FULL DATABASE (includes records without species designation)",NA,NA,99.68,91.91
"336","ASV_925","Araneae","COI FULL DATABASE (includes records without species designation)",NA,NA,98.38,85
"337","ASV_932","Pheidole megacephala","COI FULL DATABASE (includes records without species designation)",NA,NA,100,100
"338","ASV_933","Fusarium proliferatum","COI FULL DATABASE (includes records without species designation)",NA,NA,100,85.67
"339","ASV_950","Dermaptera","COI FULL DATABASE (includes records without species designation)",NA,NA,97.54,86.08
"340","ASV_958","Aleurodicus dispersus","COI FULL DATABASE (includes records without species designation)",NA,NA,100,100
"341","ASV_972","Dermaptera","COI FULL DATABASE (includes records without species designation)",NA,NA,97.54,85.44
"342","ASV_981","Orthoptera","COI FULL DATABASE (includes records without species designation)",NA,NA,99.52,85.71
"343","ASV_985","Mus musculus","COI FULL DATABASE (includes records without species designation)",NA,NA,99.64,99.03
"344","ASV_989","Mus musculus","COI FULL DATABASE (includes records without species designation)",NA,NA,99.28,98.71
"345","ASV_997","Dermatophagoides sp. WH_1","COI FULL DATABASE (includes records without species designation)",NA,NA,100,87.5
"346","ASV_1001","Dermaptera","COI FULL DATABASE (includes records without species designation)",NA,NA,99.65,84.51
"347","ASV_1003","Orthoptera","COI FULL DATABASE (includes records without species designation)",NA,NA,100,86.04
"348","ASV_1007","Gaurax bicoloripes","COI FULL DATABASE (includes records without species designation)",NA,NA,100,93.85
"349","ASV_1010","Araneae","COI FULL DATABASE (includes records without species designation)",NA,NA,99.66,85.22
"350","ASV_1023","Conoderus pallipes","COI FULL DATABASE (includes records without species designation)",NA,NA,100,87.15
"351","ASV_1026","Araneae","COI FULL DATABASE (includes records without species designation)",NA,NA,99.63,82.2
"352","ASV_1027","Araneae","COI FULL DATABASE (includes records without species designation)",NA,NA,99.35,84.89
"353","ASV_1032","Ornebius novarae","COI FULL DATABASE (includes records without species designation)",NA,NA,99.01,83.51
"354","ASV_1035","Heteropoda venatoria","COI FULL DATABASE (includes records without species designation)",NA,NA,100,90.94
"355","ASV_1046","Salmo salar","COI FULL DATABASE (includes records without species designation)",NA,NA,100,100
"356","ASV_1056","Linepithema humile","COI FULL DATABASE (includes records without species designation)",NA,NA,100,100
"357","ASV_1078","Hymenoptera","COI FULL DATABASE (includes records without species designation)",NA,NA,100,90.94
"358","ASV_1082","Fusarium redolens","COI FULL DATABASE (includes records without species designation)",NA,NA,99.03,87.06
"359","ASV_1083","Heteropoda venatoria","COI FULL DATABASE (includes records without species designation)",NA,NA,100,90.76
"360","ASV_1084","Ectopsocus hawaiiensis","COI FULL DATABASE (includes records without species designation)",NA,NA,100,84.47
"361","ASV_1086","Heteropoda venatoria","COI FULL DATABASE (includes records without species designation)",NA,NA,100,90.5
"362","ASV_1095","Coleoptera","COI FULL DATABASE (includes records without species designation)",NA,NA,100,90.61
"363","ASV_1096","Diptera","COI FULL DATABASE (includes records without species designation)",NA,NA,99.68,89.97
"364","ASV_1098","Penicillium citrinum","COI FULL DATABASE (includes records without species designation)",NA,NA,98.31,94.92
"365","ASV_1104","Mus musculus","COI FULL DATABASE (includes records without species designation)",NA,NA,99.64,99.03
"366","ASV_1111","Rhodotorula taiwanensis RS1","COI FULL DATABASE (includes records without species designation)",NA,NA,97.41,76.63
"367","ASV_1118","Ascomycota Microbotryomycetes ","COI FULL DATABASE (includes records without species designation)",NA,NA,100,84.18
"368","ASV_1123","Araneae","COI FULL DATABASE (includes records without species designation)",NA,NA,99.33,82.85
"369","ASV_1124","Lepidoptera","COI FULL DATABASE (includes records without species designation)",NA,NA,99.35,89.97
"370","ASV_1171","Araneae","COI FULL DATABASE (includes records without species designation)",NA,NA,100,82.52
"371","ASV_1178","Pantala flavescens","COI FULL DATABASE (includes records without species designation)",NA,NA,100,99.35
"372","ASV_1180","Beauveria bassiana","COI FULL DATABASE (includes records without species designation)",NA,NA,100,86.73
"373","ASV_1184","Diptera","COI FULL DATABASE (includes records without species designation)",NA,NA,98.02,83.66
"374","ASV_1194","Heteropoda venatoria","COI FULL DATABASE (includes records without species designation)",NA,NA,100,90.95
"375","ASV_1195","Mus musculus","COI FULL DATABASE (includes records without species designation)",NA,NA,98.92,98.38
"376","ASV_1202","Heteropoda venatoria","COI FULL DATABASE (includes records without species designation)",NA,NA,100,91.19
"377","ASV_1204","Diptera","COI FULL DATABASE (includes records without species designation)",NA,NA,100,96.8
"378","ASV_1207","Blattodea","COI FULL DATABASE (includes records without species designation)",NA,NA,99.68,84.77
"379","ASV_1230","Psocodea","COI FULL DATABASE (includes records without species designation)",NA,NA,100,84.79
"380","ASV_1237","Heteropoda venatoria","COI FULL DATABASE (includes records without species designation)",NA,NA,100,90.95
"381","ASV_1245","Basidiomycota Arachnida ","COI FULL DATABASE (includes records without species designation)",NA,NA,100,75.26
"382","ASV_1290","Odonata","COI FULL DATABASE (includes records without species designation)",NA,NA,97.38,95.79
"383","ASV_1294","Hymenoptera","COI FULL DATABASE (includes records without species designation)",NA,NA,100,91.01
"384","ASV_1297","Heteropoda venatoria","COI FULL DATABASE (includes records without species designation)",NA,NA,99.38,90.2
"385","ASV_1298","Orthoptera","COI FULL DATABASE (includes records without species designation)",NA,NA,100,86.08
"386","ASV_1299","Orthoptera","COI FULL DATABASE (includes records without species designation)",NA,NA,100,86.08
"387","ASV_1309","Orthoptera","COI FULL DATABASE (includes records without species designation)",NA,NA,100,86.41
"388","ASV_1324","Rhabditida","COI FULL DATABASE (includes records without species designation)",NA,NA,98.36,88.56
"389","ASV_1326","Heteropoda venatoria","COI FULL DATABASE (includes records without species designation)",NA,NA,100,90.95
"390","ASV_1331","Heteropoda venatoria","COI FULL DATABASE (includes records without species designation)",NA,NA,100,90.95
"391","ASV_1338","Hasarius adansoni","COI FULL DATABASE (includes records without species designation)",NA,NA,100,89.54
"392","ASV_1345","Diptera","COI FULL DATABASE (includes records without species designation)",NA,NA,100,90.56
"393","ASV_1346","Diptera","COI FULL DATABASE (includes records without species designation)",NA,NA,100,100
"394","ASV_1350","Psocodea","COI FULL DATABASE (includes records without species designation)",NA,NA,100,80
"395","ASV_1351","Orthoptera","COI FULL DATABASE (includes records without species designation)",NA,NA,100,85.6
"396","ASV_1356","Chonocephalus sp.","COI FULL DATABASE (includes records without species designation)",NA,NA,99.68,81.02
"397","ASV_1357","Diptera","COI FULL DATABASE (includes records without species designation)",NA,NA,100,86.08
"398","ASV_1360","Diptera","COI FULL DATABASE (includes records without species designation)",NA,NA,99.68,99.68
"399","ASV_1372","Orthoptera","COI FULL DATABASE (includes records without species designation)",NA,NA,100,85.6
"400","ASV_1387","Liposcelis decolor","COI FULL DATABASE (includes records without species designation)",NA,NA,97.4,75
"401","ASV_1404","Wolbachia endosymbiont of Formicidae","COI FULL DATABASE (includes records without species designation)",NA,NA,99.62,97.33
"402","ASV_1410","Dermaptera","COI FULL DATABASE (includes records without species designation)",NA,NA,99.3,85.11
"403","ASV_1413","2012","COI FULL DATABASE (includes records without species designation)",NA,NA,99.68,90.29
"404","ASV_1418","Heteropoda venatoria","COI FULL DATABASE (includes records without species designation)",NA,NA,100,90.72
"405","ASV_1423","Dermatophagoides pteronyssinus","COI FULL DATABASE (includes records without species designation)",NA,NA,99.35,86.27
"406","ASV_1437","Penicillium oxalicum","COI FULL DATABASE (includes records without species designation)",NA,NA,98.87,94.35
"407","ASV_1438","Cardiocondyla minutior","COI FULL DATABASE (includes records without species designation)",NA,NA,100,85.76
"408","ASV_1439","Coleoptera","COI FULL DATABASE (includes records without species designation)",NA,NA,100,87.95
"409","ASV_1442","Diptera","COI FULL DATABASE (includes records without species designation)",NA,NA,100,85.65
"410","ASV_1470","Orthoptera","COI FULL DATABASE (includes records without species designation)",NA,NA,100,86.08
"411","ASV_1471","Zygomycota Insecta ","COI FULL DATABASE (includes records without species designation)",NA,NA,100,96.38
"412","ASV_1490","Hymenoptera","COI FULL DATABASE (includes records without species designation)",NA,NA,100,99.68
"413","ASV_1491","Pheidole megacephala","COI FULL DATABASE (includes records without species designation)",NA,NA,100,100
"414","ASV_1497","IsotomidaeGEN sp. DPCOL102537","COI FULL DATABASE (includes records without species designation)",NA,NA,98.75,81.85
"415","ASV_1506","Wolbachia endosymbiont of Formicidae","COI FULL DATABASE (includes records without species designation)",NA,NA,99.62,97.33
"416","ASV_1516","2017","COI FULL DATABASE (includes records without species designation)",NA,NA,98.02,86.2
"417","ASV_1517","2012","COI FULL DATABASE (includes records without species designation)",NA,NA,99.68,90.51
"418","ASV_1519","Conocephalus saltator","COI FULL DATABASE (includes records without species designation)",NA,NA,100,85.44
"419","ASV_1524","Heteropoda venatoria","COI FULL DATABASE (includes records without species designation)",NA,NA,100,90.59
"420","ASV_1525","Fusarium redolens","COI FULL DATABASE (includes records without species designation)",NA,NA,98.71,86.73
"421","ASV_1526","Heteropoda venatoria","COI FULL DATABASE (includes records without species designation)",NA,NA,100,89.95
"422","ASV_1527","Dermaptera","COI FULL DATABASE (includes records without species designation)",NA,NA,99.3,85.11
"423","ASV_1529","Heteropoda venatoria","COI FULL DATABASE (includes records without species designation)",NA,NA,100,91.09
"424","ASV_1530","Wolbachia sp. Anacrusis nephrodes","COI FULL DATABASE (includes records without species designation)",NA,NA,99.62,98.86
"425","ASV_1538","Microstromatales","COI FULL DATABASE (includes records without species designation)",NA,NA,99.68,77.12
"426","ASV_1552","Penicillium citrinum","COI FULL DATABASE (includes records without species designation)",NA,NA,97.74,94.35
"427","ASV_1554","Neoscona theisi","COI FULL DATABASE (includes records without species designation)",NA,NA,98.74,95.6
"428","ASV_1555","Nylanderia bourbonica","COI FULL DATABASE (includes records without species designation)",NA,NA,100,98.84
"429","ASV_1558","Neoscona theisi","COI FULL DATABASE (includes records without species designation)",NA,NA,99.63,97.09
"430","ASV_1560","Neoscona theisi","COI FULL DATABASE (includes records without species designation)",NA,NA,98.77,95.68
"431","ASV_1562","Pantala flavescens","COI FULL DATABASE (includes records without species designation)",NA,NA,97.09,96.12
"432","ASV_1563","Diptera","COI FULL DATABASE (includes records without species designation)",NA,NA,98.7,84.3
"433","ASV_1574","Orthoptera","COI FULL DATABASE (includes records without species designation)",NA,NA,100,85.66
"434","ASV_1581","Heteropoda venatoria","COI FULL DATABASE (includes records without species designation)",NA,NA,100,90.95
"435","ASV_1582","Hymenoptera","COI FULL DATABASE (includes records without species designation)",NA,NA,100,91.34
"436","ASV_1598","Symphypleona","COI FULL DATABASE (includes records without species designation)",NA,NA,99.67,82.18
"437","ASV_1601","Penicillium citrinum","COI FULL DATABASE (includes records without species designation)",NA,NA,97.74,94.92
"438","ASV_1609","Entomobryomorpha","COI FULL DATABASE (includes records without species designation)",NA,NA,98.69,93.79
"439","ASV_1622","Dermaptera","COI FULL DATABASE (includes records without species designation)",NA,NA,97.76,85.89
"440","ASV_1628","Araneae","COI FULL DATABASE (includes records without species designation)",NA,NA,98.5,81.7
"441","ASV_1630","Smeringopus pallidus","COI FULL DATABASE (includes records without species designation)",NA,NA,99.67,81.69
"442","ASV_1631","Cochliopodium sp.","COI FULL DATABASE (includes records without species designation)",NA,NA,99.03,79.87
"443","ASV_1633","Heteropoda venatoria","COI FULL DATABASE (includes records without species designation)",NA,NA,99.4,90.37
"444","ASV_1636","Dermatophagoides sp. WH_1","COI FULL DATABASE (includes records without species designation)",NA,NA,100,87.5
"445","ASV_1637","2012","COI FULL DATABASE (includes records without species designation)",NA,NA,99.61,90.31
"446","ASV_1638","Heteropoda venatoria","COI FULL DATABASE (includes records without species designation)",NA,NA,99.11,90.24
"447","ASV_1642","Heteropoda venatoria","COI FULL DATABASE (includes records without species designation)",NA,NA,98.51,89.84
"448","ASV_1648","Heteropoda venatoria","COI FULL DATABASE (includes records without species designation)",NA,NA,100,90.61
"449","ASV_1652","Basidiomycota Arachnida ","COI FULL DATABASE (includes records without species designation)",NA,NA,97.08,76.95
"450","ASV_1664","Piletocera signiferalis","COI FULL DATABASE (includes records without species designation)",NA,NA,99.35,92.23
"451","ASV_1665","Neoscona theisi","COI FULL DATABASE (includes records without species designation)",NA,NA,99.66,96.94
"452","ASV_1670","Coleoptera","COI FULL DATABASE (includes records without species designation)",NA,NA,99.68,84.79
"453","ASV_1672","Diptera","COI FULL DATABASE (includes records without species designation)",NA,NA,99.68,85.9
"454","ASV_1678","Aleurodicus dispersus","COI FULL DATABASE (includes records without species designation)",NA,NA,99.68,99.68
"455","ASV_1682","Orthoptera","COI FULL DATABASE (includes records without species designation)",NA,NA,98.78,85.61
"456","ASV_1685","Smeringopus pallidus","COI FULL DATABASE (includes records without species designation)",NA,NA,100,81.55
"457","ASV_1712","Orthoptera","COI FULL DATABASE (includes records without species designation)",NA,NA,98.84,86.11
"458","ASV_1714","Orthoptera","COI FULL DATABASE (includes records without species designation)",NA,NA,99.39,85.48
"459","ASV_1716","Orthoptera","COI FULL DATABASE (includes records without species designation)",NA,NA,99.52,86
"460","ASV_1721","Orthoptera","COI FULL DATABASE (includes records without species designation)",NA,NA,99.39,85.71
"461","ASV_1734","Orthoptera","COI FULL DATABASE (includes records without species designation)",NA,NA,98.57,84.74
