"","Transition","Qual","count","run","reads"
"1","A2A",0,0,"One","Forward"
"2","A2C",0,0,"One","Forward"
"3","A2G",0,0,"One","Forward"
"4","A2T",0,0,"One","Forward"
"5","C2A",0,0,"One","Forward"
"6","C2C",0,0,"One","Forward"
"7","C2G",0,0,"One","Forward"
"8","C2T",0,0,"One","Forward"
"9","G2A",0,0,"One","Forward"
"10","G2C",0,0,"One","Forward"
"11","G2G",0,0,"One","Forward"
"12","G2T",0,0,"One","Forward"
"13","T2A",0,0,"One","Forward"
"14","T2C",0,0,"One","Forward"
"15","T2G",0,0,"One","Forward"
"16","T2T",0,0,"One","Forward"
"17","A2A",1,0,"One","Forward"
"18","A2C",1,0,"One","Forward"
"19","A2G",1,0,"One","Forward"
"20","A2T",1,0,"One","Forward"
"21","C2A",1,0,"One","Forward"
"22","C2C",1,0,"One","Forward"
"23","C2G",1,0,"One","Forward"
"24","C2T",1,0,"One","Forward"
"25","G2A",1,0,"One","Forward"
"26","G2C",1,0,"One","Forward"
"27","G2G",1,0,"One","Forward"
"28","G2T",1,0,"One","Forward"
"29","T2A",1,0,"One","Forward"
"30","T2C",1,0,"One","Forward"
"31","T2G",1,0,"One","Forward"
"32","T2T",1,0,"One","Forward"
"33","A2A",2,0,"One","Forward"
"34","A2C",2,0,"One","Forward"
"35","A2G",2,0,"One","Forward"
"36","A2T",2,0,"One","Forward"
"37","C2A",2,0,"One","Forward"
"38","C2C",2,0,"One","Forward"
"39","C2G",2,0,"One","Forward"
"40","C2T",2,0,"One","Forward"
"41","G2A",2,0,"One","Forward"
"42","G2C",2,0,"One","Forward"
"43","G2G",2,0,"One","Forward"
"44","G2T",2,0,"One","Forward"
"45","T2A",2,0,"One","Forward"
"46","T2C",2,0,"One","Forward"
"47","T2G",2,0,"One","Forward"
"48","T2T",2,0,"One","Forward"
"49","A2A",3,0,"One","Forward"
"50","A2C",3,0,"One","Forward"
"51","A2G",3,0,"One","Forward"
"52","A2T",3,0,"One","Forward"
"53","C2A",3,0,"One","Forward"
"54","C2C",3,0,"One","Forward"
"55","C2G",3,0,"One","Forward"
"56","C2T",3,0,"One","Forward"
"57","G2A",3,0,"One","Forward"
"58","G2C",3,0,"One","Forward"
"59","G2G",3,0,"One","Forward"
"60","G2T",3,0,"One","Forward"
"61","T2A",3,0,"One","Forward"
"62","T2C",3,0,"One","Forward"
"63","T2G",3,0,"One","Forward"
"64","T2T",3,0,"One","Forward"
"65","A2A",4,0,"One","Forward"
"66","A2C",4,0,"One","Forward"
"67","A2G",4,0,"One","Forward"
"68","A2T",4,0,"One","Forward"
"69","C2A",4,0,"One","Forward"
"70","C2C",4,0,"One","Forward"
"71","C2G",4,0,"One","Forward"
"72","C2T",4,0,"One","Forward"
"73","G2A",4,0,"One","Forward"
"74","G2C",4,0,"One","Forward"
"75","G2G",4,0,"One","Forward"
"76","G2T",4,0,"One","Forward"
"77","T2A",4,0,"One","Forward"
"78","T2C",4,0,"One","Forward"
"79","T2G",4,0,"One","Forward"
"80","T2T",4,0,"One","Forward"
"81","A2A",5,0,"One","Forward"
"82","A2C",5,0,"One","Forward"
"83","A2G",5,0,"One","Forward"
"84","A2T",5,0,"One","Forward"
"85","C2A",5,0,"One","Forward"
"86","C2C",5,0,"One","Forward"
"87","C2G",5,0,"One","Forward"
"88","C2T",5,0,"One","Forward"
"89","G2A",5,0,"One","Forward"
"90","G2C",5,0,"One","Forward"
"91","G2G",5,0,"One","Forward"
"92","G2T",5,0,"One","Forward"
"93","T2A",5,0,"One","Forward"
"94","T2C",5,0,"One","Forward"
"95","T2G",5,0,"One","Forward"
"96","T2T",5,0,"One","Forward"
"97","A2A",6,0,"One","Forward"
"98","A2C",6,0,"One","Forward"
"99","A2G",6,0,"One","Forward"
"100","A2T",6,0,"One","Forward"
"101","C2A",6,0,"One","Forward"
"102","C2C",6,0,"One","Forward"
"103","C2G",6,0,"One","Forward"
"104","C2T",6,0,"One","Forward"
"105","G2A",6,0,"One","Forward"
"106","G2C",6,0,"One","Forward"
"107","G2G",6,0,"One","Forward"
"108","G2T",6,0,"One","Forward"
"109","T2A",6,0,"One","Forward"
"110","T2C",6,0,"One","Forward"
"111","T2G",6,0,"One","Forward"
"112","T2T",6,0,"One","Forward"
"113","A2A",7,0,"One","Forward"
"114","A2C",7,0,"One","Forward"
"115","A2G",7,0,"One","Forward"
"116","A2T",7,0,"One","Forward"
"117","C2A",7,0,"One","Forward"
"118","C2C",7,0,"One","Forward"
"119","C2G",7,0,"One","Forward"
"120","C2T",7,0,"One","Forward"
"121","G2A",7,0,"One","Forward"
"122","G2C",7,0,"One","Forward"
"123","G2G",7,0,"One","Forward"
"124","G2T",7,0,"One","Forward"
"125","T2A",7,0,"One","Forward"
"126","T2C",7,0,"One","Forward"
"127","T2G",7,0,"One","Forward"
"128","T2T",7,0,"One","Forward"
"129","A2A",8,0,"One","Forward"
"130","A2C",8,0,"One","Forward"
"131","A2G",8,0,"One","Forward"
"132","A2T",8,0,"One","Forward"
"133","C2A",8,0,"One","Forward"
"134","C2C",8,0,"One","Forward"
"135","C2G",8,0,"One","Forward"
"136","C2T",8,0,"One","Forward"
"137","G2A",8,0,"One","Forward"
"138","G2C",8,0,"One","Forward"
"139","G2G",8,0,"One","Forward"
"140","G2T",8,0,"One","Forward"
"141","T2A",8,0,"One","Forward"
"142","T2C",8,0,"One","Forward"
"143","T2G",8,0,"One","Forward"
"144","T2T",8,0,"One","Forward"
"145","A2A",9,0,"One","Forward"
"146","A2C",9,0,"One","Forward"
"147","A2G",9,0,"One","Forward"
"148","A2T",9,0,"One","Forward"
"149","C2A",9,0,"One","Forward"
"150","C2C",9,0,"One","Forward"
"151","C2G",9,0,"One","Forward"
"152","C2T",9,0,"One","Forward"
"153","G2A",9,0,"One","Forward"
"154","G2C",9,0,"One","Forward"
"155","G2G",9,0,"One","Forward"
"156","G2T",9,0,"One","Forward"
"157","T2A",9,0,"One","Forward"
"158","T2C",9,0,"One","Forward"
"159","T2G",9,0,"One","Forward"
"160","T2T",9,0,"One","Forward"
"161","A2A",10,0,"One","Forward"
"162","A2C",10,0,"One","Forward"
"163","A2G",10,0,"One","Forward"
"164","A2T",10,0,"One","Forward"
"165","C2A",10,0,"One","Forward"
"166","C2C",10,0,"One","Forward"
"167","C2G",10,0,"One","Forward"
"168","C2T",10,0,"One","Forward"
"169","G2A",10,0,"One","Forward"
"170","G2C",10,0,"One","Forward"
"171","G2G",10,0,"One","Forward"
"172","G2T",10,0,"One","Forward"
"173","T2A",10,0,"One","Forward"
"174","T2C",10,0,"One","Forward"
"175","T2G",10,0,"One","Forward"
"176","T2T",10,0,"One","Forward"
"177","A2A",11,0,"One","Forward"
"178","A2C",11,0,"One","Forward"
"179","A2G",11,0,"One","Forward"
"180","A2T",11,0,"One","Forward"
"181","C2A",11,0,"One","Forward"
"182","C2C",11,0,"One","Forward"
"183","C2G",11,0,"One","Forward"
"184","C2T",11,0,"One","Forward"
"185","G2A",11,0,"One","Forward"
"186","G2C",11,0,"One","Forward"
"187","G2G",11,0,"One","Forward"
"188","G2T",11,0,"One","Forward"
"189","T2A",11,0,"One","Forward"
"190","T2C",11,0,"One","Forward"
"191","T2G",11,0,"One","Forward"
"192","T2T",11,0,"One","Forward"
"193","A2A",12,42,"One","Forward"
"194","A2C",12,0,"One","Forward"
"195","A2G",12,445,"One","Forward"
"196","A2T",12,0,"One","Forward"
"197","C2A",12,0,"One","Forward"
"198","C2C",12,54,"One","Forward"
"199","C2G",12,8,"One","Forward"
"200","C2T",12,6,"One","Forward"
"201","G2A",12,5,"One","Forward"
"202","G2C",12,5,"One","Forward"
"203","G2G",12,1477,"One","Forward"
"204","G2T",12,7,"One","Forward"
"205","T2A",12,3,"One","Forward"
"206","T2C",12,11,"One","Forward"
"207","T2G",12,45,"One","Forward"
"208","T2T",12,121,"One","Forward"
"209","A2A",13,128,"One","Forward"
"210","A2C",13,1,"One","Forward"
"211","A2G",13,108,"One","Forward"
"212","A2T",13,55,"One","Forward"
"213","C2A",13,2,"One","Forward"
"214","C2C",13,271,"One","Forward"
"215","C2G",13,18,"One","Forward"
"216","C2T",13,6,"One","Forward"
"217","G2A",13,4,"One","Forward"
"218","G2C",13,1,"One","Forward"
"219","G2G",13,673,"One","Forward"
"220","G2T",13,21,"One","Forward"
"221","T2A",13,15,"One","Forward"
"222","T2C",13,58,"One","Forward"
"223","T2G",13,32,"One","Forward"
"224","T2T",13,233,"One","Forward"
"225","A2A",14,2636,"One","Forward"
"226","A2C",14,58,"One","Forward"
"227","A2G",14,369,"One","Forward"
"228","A2T",14,27,"One","Forward"
"229","C2A",14,60,"One","Forward"
"230","C2C",14,604,"One","Forward"
"231","C2G",14,19,"One","Forward"
"232","C2T",14,162,"One","Forward"
"233","G2A",14,126,"One","Forward"
"234","G2C",14,10,"One","Forward"
"235","G2G",14,5863,"One","Forward"
"236","G2T",14,57,"One","Forward"
"237","T2A",14,285,"One","Forward"
"238","T2C",14,741,"One","Forward"
"239","T2G",14,694,"One","Forward"
"240","T2T",14,2822,"One","Forward"
"241","A2A",15,12102,"One","Forward"
"242","A2C",15,132,"One","Forward"
"243","A2G",15,1127,"One","Forward"
"244","A2T",15,922,"One","Forward"
"245","C2A",15,62,"One","Forward"
"246","C2C",15,3229,"One","Forward"
"247","C2G",15,102,"One","Forward"
"248","C2T",15,322,"One","Forward"
"249","G2A",15,1157,"One","Forward"
"250","G2C",15,228,"One","Forward"
"251","G2G",15,15652,"One","Forward"
"252","G2T",15,1497,"One","Forward"
"253","T2A",15,1112,"One","Forward"
"254","T2C",15,576,"One","Forward"
"255","T2G",15,1382,"One","Forward"
"256","T2T",15,10493,"One","Forward"
"257","A2A",16,29680,"One","Forward"
"258","A2C",16,264,"One","Forward"
"259","A2G",16,1443,"One","Forward"
"260","A2T",16,3380,"One","Forward"
"261","C2A",16,126,"One","Forward"
"262","C2C",16,5237,"One","Forward"
"263","C2G",16,149,"One","Forward"
"264","C2T",16,251,"One","Forward"
"265","G2A",16,1526,"One","Forward"
"266","G2C",16,194,"One","Forward"
"267","G2G",16,13812,"One","Forward"
"268","G2T",16,1265,"One","Forward"
"269","T2A",16,2584,"One","Forward"
"270","T2C",16,749,"One","Forward"
"271","T2G",16,937,"One","Forward"
"272","T2T",16,16709,"One","Forward"
"273","A2A",17,17620,"One","Forward"
"274","A2C",17,259,"One","Forward"
"275","A2G",17,800,"One","Forward"
"276","A2T",17,2463,"One","Forward"
"277","C2A",17,292,"One","Forward"
"278","C2C",17,3219,"One","Forward"
"279","C2G",17,147,"One","Forward"
"280","C2T",17,154,"One","Forward"
"281","G2A",17,751,"One","Forward"
"282","G2C",17,278,"One","Forward"
"283","G2G",17,13859,"One","Forward"
"284","G2T",17,1499,"One","Forward"
"285","T2A",17,1770,"One","Forward"
"286","T2C",17,636,"One","Forward"
"287","T2G",17,1055,"One","Forward"
"288","T2T",17,15360,"One","Forward"
"289","A2A",18,10989,"One","Forward"
"290","A2C",18,393,"One","Forward"
"291","A2G",18,374,"One","Forward"
"292","A2T",18,1704,"One","Forward"
"293","C2A",18,203,"One","Forward"
"294","C2C",18,2424,"One","Forward"
"295","C2G",18,81,"One","Forward"
"296","C2T",18,148,"One","Forward"
"297","G2A",18,334,"One","Forward"
"298","G2C",18,69,"One","Forward"
"299","G2G",18,4655,"One","Forward"
"300","G2T",18,716,"One","Forward"
"301","T2A",18,426,"One","Forward"
"302","T2C",18,399,"One","Forward"
"303","T2G",18,406,"One","Forward"
"304","T2T",18,10335,"One","Forward"
"305","A2A",19,7053,"One","Forward"
"306","A2C",19,220,"One","Forward"
"307","A2G",19,107,"One","Forward"
"308","A2T",19,883,"One","Forward"
"309","C2A",19,302,"One","Forward"
"310","C2C",19,2234,"One","Forward"
"311","C2G",19,47,"One","Forward"
"312","C2T",19,188,"One","Forward"
"313","G2A",19,162,"One","Forward"
"314","G2C",19,47,"One","Forward"
"315","G2G",19,3229,"One","Forward"
"316","G2T",19,677,"One","Forward"
"317","T2A",19,500,"One","Forward"
"318","T2C",19,368,"One","Forward"
"319","T2G",19,277,"One","Forward"
"320","T2T",19,6677,"One","Forward"
"321","A2A",20,12118,"One","Forward"
"322","A2C",20,150,"One","Forward"
"323","A2G",20,594,"One","Forward"
"324","A2T",20,1119,"One","Forward"
"325","C2A",20,173,"One","Forward"
"326","C2C",20,2378,"One","Forward"
"327","C2G",20,37,"One","Forward"
"328","C2T",20,117,"One","Forward"
"329","G2A",20,614,"One","Forward"
"330","G2C",20,44,"One","Forward"
"331","G2G",20,7538,"One","Forward"
"332","G2T",20,910,"One","Forward"
"333","T2A",20,881,"One","Forward"
"334","T2C",20,205,"One","Forward"
"335","T2G",20,413,"One","Forward"
"336","T2T",20,12086,"One","Forward"
"337","A2A",21,2406,"One","Forward"
"338","A2C",21,33,"One","Forward"
"339","A2G",21,0,"One","Forward"
"340","A2T",21,84,"One","Forward"
"341","C2A",21,33,"One","Forward"
"342","C2C",21,76,"One","Forward"
"343","C2G",21,3,"One","Forward"
"344","C2T",21,14,"One","Forward"
"345","G2A",21,11,"One","Forward"
"346","G2C",21,3,"One","Forward"
"347","G2G",21,1118,"One","Forward"
"348","G2T",21,102,"One","Forward"
"349","T2A",21,54,"One","Forward"
"350","T2C",21,0,"One","Forward"
"351","T2G",21,51,"One","Forward"
"352","T2T",21,715,"One","Forward"
"353","A2A",22,3137,"One","Forward"
"354","A2C",22,24,"One","Forward"
"355","A2G",22,2,"One","Forward"
"356","A2T",22,89,"One","Forward"
"357","C2A",22,21,"One","Forward"
"358","C2C",22,189,"One","Forward"
"359","C2G",22,27,"One","Forward"
"360","C2T",22,21,"One","Forward"
"361","G2A",22,0,"One","Forward"
"362","G2C",22,0,"One","Forward"
"363","G2G",22,1376,"One","Forward"
"364","G2T",22,67,"One","Forward"
"365","T2A",22,52,"One","Forward"
"366","T2C",22,10,"One","Forward"
"367","T2G",22,109,"One","Forward"
"368","T2T",22,1193,"One","Forward"
"369","A2A",23,4252,"One","Forward"
"370","A2C",23,21,"One","Forward"
"371","A2G",23,6,"One","Forward"
"372","A2T",23,97,"One","Forward"
"373","C2A",23,66,"One","Forward"
"374","C2C",23,295,"One","Forward"
"375","C2G",23,11,"One","Forward"
"376","C2T",23,46,"One","Forward"
"377","G2A",23,5,"One","Forward"
"378","G2C",23,0,"One","Forward"
"379","G2G",23,1892,"One","Forward"
"380","G2T",23,113,"One","Forward"
"381","T2A",23,184,"One","Forward"
"382","T2C",23,47,"One","Forward"
"383","T2G",23,94,"One","Forward"
"384","T2T",23,1502,"One","Forward"
"385","A2A",24,5331,"One","Forward"
"386","A2C",24,69,"One","Forward"
"387","A2G",24,12,"One","Forward"
"388","A2T",24,84,"One","Forward"
"389","C2A",24,70,"One","Forward"
"390","C2C",24,542,"One","Forward"
"391","C2G",24,7,"One","Forward"
"392","C2T",24,2,"One","Forward"
"393","G2A",24,4,"One","Forward"
"394","G2C",24,5,"One","Forward"
"395","G2G",24,3352,"One","Forward"
"396","G2T",24,79,"One","Forward"
"397","T2A",24,81,"One","Forward"
"398","T2C",24,17,"One","Forward"
"399","T2G",24,92,"One","Forward"
"400","T2T",24,2173,"One","Forward"
"401","A2A",25,6335,"One","Forward"
"402","A2C",25,50,"One","Forward"
"403","A2G",25,31,"One","Forward"
"404","A2T",25,98,"One","Forward"
"405","C2A",25,52,"One","Forward"
"406","C2C",25,1141,"One","Forward"
"407","C2G",25,15,"One","Forward"
"408","C2T",25,34,"One","Forward"
"409","G2A",25,14,"One","Forward"
"410","G2C",25,23,"One","Forward"
"411","G2G",25,4972,"One","Forward"
"412","G2T",25,71,"One","Forward"
"413","T2A",25,113,"One","Forward"
"414","T2C",25,20,"One","Forward"
"415","T2G",25,94,"One","Forward"
"416","T2T",25,4569,"One","Forward"
"417","A2A",26,9031,"One","Forward"
"418","A2C",26,28,"One","Forward"
"419","A2G",26,46,"One","Forward"
"420","A2T",26,194,"One","Forward"
"421","C2A",26,73,"One","Forward"
"422","C2C",26,1524,"One","Forward"
"423","C2G",26,19,"One","Forward"
"424","C2T",26,130,"One","Forward"
"425","G2A",26,19,"One","Forward"
"426","G2C",26,4,"One","Forward"
"427","G2G",26,5850,"One","Forward"
"428","G2T",26,27,"One","Forward"
"429","T2A",26,149,"One","Forward"
"430","T2C",26,35,"One","Forward"
"431","T2G",26,54,"One","Forward"
"432","T2T",26,5937,"One","Forward"
"433","A2A",27,12173,"One","Forward"
"434","A2C",27,27,"One","Forward"
"435","A2G",27,99,"One","Forward"
"436","A2T",27,121,"One","Forward"
"437","C2A",27,60,"One","Forward"
"438","C2C",27,2789,"One","Forward"
"439","C2G",27,27,"One","Forward"
"440","C2T",27,108,"One","Forward"
"441","G2A",27,105,"One","Forward"
"442","G2C",27,26,"One","Forward"
"443","G2G",27,9934,"One","Forward"
"444","G2T",27,137,"One","Forward"
"445","T2A",27,173,"One","Forward"
"446","T2C",27,168,"One","Forward"
"447","T2G",27,97,"One","Forward"
"448","T2T",27,9632,"One","Forward"
"449","A2A",28,12597,"One","Forward"
"450","A2C",28,53,"One","Forward"
"451","A2G",28,77,"One","Forward"
"452","A2T",28,88,"One","Forward"
"453","C2A",28,123,"One","Forward"
"454","C2C",28,2813,"One","Forward"
"455","C2G",28,36,"One","Forward"
"456","C2T",28,25,"One","Forward"
"457","G2A",28,166,"One","Forward"
"458","G2C",28,27,"One","Forward"
"459","G2G",28,8350,"One","Forward"
"460","G2T",28,52,"One","Forward"
"461","T2A",28,228,"One","Forward"
"462","T2C",28,826,"One","Forward"
"463","T2G",28,96,"One","Forward"
"464","T2T",28,10564,"One","Forward"
"465","A2A",29,13085,"One","Forward"
"466","A2C",29,32,"One","Forward"
"467","A2G",29,171,"One","Forward"
"468","A2T",29,167,"One","Forward"
"469","C2A",29,85,"One","Forward"
"470","C2C",29,2892,"One","Forward"
"471","C2G",29,83,"One","Forward"
"472","C2T",29,22,"One","Forward"
"473","G2A",29,281,"One","Forward"
"474","G2C",29,36,"One","Forward"
"475","G2G",29,8469,"One","Forward"
"476","G2T",29,93,"One","Forward"
"477","T2A",29,199,"One","Forward"
"478","T2C",29,145,"One","Forward"
"479","T2G",29,140,"One","Forward"
"480","T2T",29,11442,"One","Forward"
"481","A2A",30,14374,"One","Forward"
"482","A2C",30,49,"One","Forward"
"483","A2G",30,120,"One","Forward"
"484","A2T",30,279,"One","Forward"
"485","C2A",30,83,"One","Forward"
"486","C2C",30,3975,"One","Forward"
"487","C2G",30,16,"One","Forward"
"488","C2T",30,51,"One","Forward"
"489","G2A",30,106,"One","Forward"
"490","G2C",30,17,"One","Forward"
"491","G2G",30,13102,"One","Forward"
"492","G2T",30,94,"One","Forward"
"493","T2A",30,160,"One","Forward"
"494","T2C",30,154,"One","Forward"
"495","T2G",30,111,"One","Forward"
"496","T2T",30,16911,"One","Forward"
"497","A2A",31,16598,"One","Forward"
"498","A2C",31,81,"One","Forward"
"499","A2G",31,292,"One","Forward"
"500","A2T",31,247,"One","Forward"
"501","C2A",31,34,"One","Forward"
"502","C2C",31,5115,"One","Forward"
"503","C2G",31,82,"One","Forward"
"504","C2T",31,39,"One","Forward"
"505","G2A",31,192,"One","Forward"
"506","G2C",31,27,"One","Forward"
"507","G2G",31,14499,"One","Forward"
"508","G2T",31,99,"One","Forward"
"509","T2A",31,321,"One","Forward"
"510","T2C",31,250,"One","Forward"
"511","T2G",31,120,"One","Forward"
"512","T2T",31,17234,"One","Forward"
"513","A2A",32,19714,"One","Forward"
"514","A2C",32,77,"One","Forward"
"515","A2G",32,251,"One","Forward"
"516","A2T",32,282,"One","Forward"
"517","C2A",32,57,"One","Forward"
"518","C2C",32,6724,"One","Forward"
"519","C2G",32,47,"One","Forward"
"520","C2T",32,61,"One","Forward"
"521","G2A",32,591,"One","Forward"
"522","G2C",32,49,"One","Forward"
"523","G2G",32,23724,"One","Forward"
"524","G2T",32,213,"One","Forward"
"525","T2A",32,237,"One","Forward"
"526","T2C",32,313,"One","Forward"
"527","T2G",32,243,"One","Forward"
"528","T2T",32,23327,"One","Forward"
"529","A2A",33,47712,"One","Forward"
"530","A2C",33,45,"One","Forward"
"531","A2G",33,1421,"One","Forward"
"532","A2T",33,442,"One","Forward"
"533","C2A",33,122,"One","Forward"
"534","C2C",33,15144,"One","Forward"
"535","C2G",33,50,"One","Forward"
"536","C2T",33,346,"One","Forward"
"537","G2A",33,905,"One","Forward"
"538","G2C",33,56,"One","Forward"
"539","G2G",33,37172,"One","Forward"
"540","G2T",33,216,"One","Forward"
"541","T2A",33,371,"One","Forward"
"542","T2C",33,1033,"One","Forward"
"543","T2G",33,311,"One","Forward"
"544","T2T",33,52834,"One","Forward"
"545","A2A",34,35166,"One","Forward"
"546","A2C",34,96,"One","Forward"
"547","A2G",34,1639,"One","Forward"
"548","A2T",34,1194,"One","Forward"
"549","C2A",34,141,"One","Forward"
"550","C2C",34,16300,"One","Forward"
"551","C2G",34,92,"One","Forward"
"552","C2T",34,327,"One","Forward"
"553","G2A",34,846,"One","Forward"
"554","G2C",34,92,"One","Forward"
"555","G2G",34,49317,"One","Forward"
"556","G2T",34,133,"One","Forward"
"557","T2A",34,375,"One","Forward"
"558","T2C",34,2868,"One","Forward"
"559","T2G",34,247,"One","Forward"
"560","T2T",34,41100,"One","Forward"
"561","A2A",35,89095,"One","Forward"
"562","A2C",35,75,"One","Forward"
"563","A2G",35,4553,"One","Forward"
"564","A2T",35,276,"One","Forward"
"565","C2A",35,118,"One","Forward"
"566","C2C",35,40555,"One","Forward"
"567","C2G",35,118,"One","Forward"
"568","C2T",35,1171,"One","Forward"
"569","G2A",35,1891,"One","Forward"
"570","G2C",35,130,"One","Forward"
"571","G2G",35,65480,"One","Forward"
"572","G2T",35,204,"One","Forward"
"573","T2A",35,446,"One","Forward"
"574","T2C",35,6327,"One","Forward"
"575","T2G",35,175,"One","Forward"
"576","T2T",35,83090,"One","Forward"
"577","A2A",36,312101,"One","Forward"
"578","A2C",36,67,"One","Forward"
"579","A2G",36,6032,"One","Forward"
"580","A2T",36,180,"One","Forward"
"581","C2A",36,191,"One","Forward"
"582","C2C",36,97701,"One","Forward"
"583","C2G",36,141,"One","Forward"
"584","C2T",36,1320,"One","Forward"
"585","G2A",36,2632,"One","Forward"
"586","G2C",36,136,"One","Forward"
"587","G2G",36,315782,"One","Forward"
"588","G2T",36,199,"One","Forward"
"589","T2A",36,541,"One","Forward"
"590","T2C",36,16018,"One","Forward"
"591","T2G",36,1188,"One","Forward"
"592","T2T",36,162693,"One","Forward"
"593","A2A",37,1183927,"One","Forward"
"594","A2C",37,1093,"One","Forward"
"595","A2G",37,5255,"One","Forward"
"596","A2T",37,398,"One","Forward"
"597","C2A",37,1047,"One","Forward"
"598","C2C",37,492788,"One","Forward"
"599","C2G",37,1783,"One","Forward"
"600","C2T",37,3262,"One","Forward"
"601","G2A",37,3380,"One","Forward"
"602","G2C",37,1422,"One","Forward"
"603","G2G",37,2222281,"One","Forward"
"604","G2T",37,649,"One","Forward"
"605","T2A",37,764,"One","Forward"
"606","T2C",37,16648,"One","Forward"
"607","T2G",37,728,"One","Forward"
"608","T2T",37,1477953,"One","Forward"
"609","A2A",38,7224009,"One","Forward"
"610","A2C",38,644,"One","Forward"
"611","A2G",38,4447,"One","Forward"
"612","A2T",38,854,"One","Forward"
"613","C2A",38,630,"One","Forward"
"614","C2C",38,2681332,"One","Forward"
"615","C2G",38,749,"One","Forward"
"616","C2T",38,2445,"One","Forward"
"617","G2A",38,1553,"One","Forward"
"618","G2C",38,806,"One","Forward"
"619","G2G",38,6598823,"One","Forward"
"620","G2T",38,1029,"One","Forward"
"621","T2A",38,3219,"One","Forward"
"622","T2C",38,7683,"One","Forward"
"623","T2G",38,1253,"One","Forward"
"624","T2T",38,7011794,"One","Forward"
"625","A2A",39,19033282,"One","Forward"
"626","A2C",39,1203,"One","Forward"
"627","A2G",39,4193,"One","Forward"
"628","A2T",39,3313,"One","Forward"
"629","C2A",39,930,"One","Forward"
"630","C2C",39,12066141,"One","Forward"
"631","C2G",39,876,"One","Forward"
"632","C2T",39,3207,"One","Forward"
"633","G2A",39,2652,"One","Forward"
"634","G2C",39,1177,"One","Forward"
"635","G2G",39,13734675,"One","Forward"
"636","G2T",39,3547,"One","Forward"
"637","T2A",39,2840,"One","Forward"
"638","T2C",39,11072,"One","Forward"
"639","T2G",39,1855,"One","Forward"
"640","T2T",39,46941210,"One","Forward"
"641","A2A",40,2843,"One","Forward"
"642","A2C",40,2,"One","Forward"
"643","A2G",40,4,"One","Forward"
"644","A2T",40,2,"One","Forward"
"645","C2A",40,0,"One","Forward"
"646","C2C",40,2043,"One","Forward"
"647","C2G",40,0,"One","Forward"
"648","C2T",40,4,"One","Forward"
"649","G2A",40,2,"One","Forward"
"650","G2C",40,1,"One","Forward"
"651","G2G",40,1856,"One","Forward"
"652","G2T",40,2,"One","Forward"
"653","T2A",40,5,"One","Forward"
"654","T2C",40,28,"One","Forward"
"655","T2G",40,2,"One","Forward"
"656","T2T",40,8491,"One","Forward"
"657","A2A",0,0,"Two","Forward"
"658","A2C",0,0,"Two","Forward"
"659","A2G",0,0,"Two","Forward"
"660","A2T",0,0,"Two","Forward"
"661","C2A",0,0,"Two","Forward"
"662","C2C",0,0,"Two","Forward"
"663","C2G",0,0,"Two","Forward"
"664","C2T",0,0,"Two","Forward"
"665","G2A",0,0,"Two","Forward"
"666","G2C",0,0,"Two","Forward"
"667","G2G",0,0,"Two","Forward"
"668","G2T",0,0,"Two","Forward"
"669","T2A",0,0,"Two","Forward"
"670","T2C",0,0,"Two","Forward"
"671","T2G",0,0,"Two","Forward"
"672","T2T",0,0,"Two","Forward"
"673","A2A",1,0,"Two","Forward"
"674","A2C",1,0,"Two","Forward"
"675","A2G",1,0,"Two","Forward"
"676","A2T",1,0,"Two","Forward"
"677","C2A",1,0,"Two","Forward"
"678","C2C",1,0,"Two","Forward"
"679","C2G",1,0,"Two","Forward"
"680","C2T",1,0,"Two","Forward"
"681","G2A",1,0,"Two","Forward"
"682","G2C",1,0,"Two","Forward"
"683","G2G",1,0,"Two","Forward"
"684","G2T",1,0,"Two","Forward"
"685","T2A",1,0,"Two","Forward"
"686","T2C",1,0,"Two","Forward"
"687","T2G",1,0,"Two","Forward"
"688","T2T",1,0,"Two","Forward"
"689","A2A",2,0,"Two","Forward"
"690","A2C",2,0,"Two","Forward"
"691","A2G",2,0,"Two","Forward"
"692","A2T",2,0,"Two","Forward"
"693","C2A",2,0,"Two","Forward"
"694","C2C",2,0,"Two","Forward"
"695","C2G",2,0,"Two","Forward"
"696","C2T",2,0,"Two","Forward"
"697","G2A",2,0,"Two","Forward"
"698","G2C",2,0,"Two","Forward"
"699","G2G",2,0,"Two","Forward"
"700","G2T",2,0,"Two","Forward"
"701","T2A",2,0,"Two","Forward"
"702","T2C",2,0,"Two","Forward"
"703","T2G",2,0,"Two","Forward"
"704","T2T",2,0,"Two","Forward"
"705","A2A",3,0,"Two","Forward"
"706","A2C",3,0,"Two","Forward"
"707","A2G",3,0,"Two","Forward"
"708","A2T",3,0,"Two","Forward"
"709","C2A",3,0,"Two","Forward"
"710","C2C",3,0,"Two","Forward"
"711","C2G",3,0,"Two","Forward"
"712","C2T",3,0,"Two","Forward"
"713","G2A",3,0,"Two","Forward"
"714","G2C",3,0,"Two","Forward"
"715","G2G",3,0,"Two","Forward"
"716","G2T",3,0,"Two","Forward"
"717","T2A",3,0,"Two","Forward"
"718","T2C",3,0,"Two","Forward"
"719","T2G",3,0,"Two","Forward"
"720","T2T",3,0,"Two","Forward"
"721","A2A",4,0,"Two","Forward"
"722","A2C",4,0,"Two","Forward"
"723","A2G",4,0,"Two","Forward"
"724","A2T",4,0,"Two","Forward"
"725","C2A",4,0,"Two","Forward"
"726","C2C",4,0,"Two","Forward"
"727","C2G",4,0,"Two","Forward"
"728","C2T",4,0,"Two","Forward"
"729","G2A",4,0,"Two","Forward"
"730","G2C",4,0,"Two","Forward"
"731","G2G",4,0,"Two","Forward"
"732","G2T",4,0,"Two","Forward"
"733","T2A",4,0,"Two","Forward"
"734","T2C",4,0,"Two","Forward"
"735","T2G",4,0,"Two","Forward"
"736","T2T",4,0,"Two","Forward"
"737","A2A",5,0,"Two","Forward"
"738","A2C",5,0,"Two","Forward"
"739","A2G",5,0,"Two","Forward"
"740","A2T",5,0,"Two","Forward"
"741","C2A",5,0,"Two","Forward"
"742","C2C",5,0,"Two","Forward"
"743","C2G",5,0,"Two","Forward"
"744","C2T",5,0,"Two","Forward"
"745","G2A",5,0,"Two","Forward"
"746","G2C",5,0,"Two","Forward"
"747","G2G",5,0,"Two","Forward"
"748","G2T",5,0,"Two","Forward"
"749","T2A",5,0,"Two","Forward"
"750","T2C",5,0,"Two","Forward"
"751","T2G",5,0,"Two","Forward"
"752","T2T",5,0,"Two","Forward"
"753","A2A",6,0,"Two","Forward"
"754","A2C",6,0,"Two","Forward"
"755","A2G",6,0,"Two","Forward"
"756","A2T",6,0,"Two","Forward"
"757","C2A",6,0,"Two","Forward"
"758","C2C",6,0,"Two","Forward"
"759","C2G",6,0,"Two","Forward"
"760","C2T",6,0,"Two","Forward"
"761","G2A",6,0,"Two","Forward"
"762","G2C",6,0,"Two","Forward"
"763","G2G",6,0,"Two","Forward"
"764","G2T",6,0,"Two","Forward"
"765","T2A",6,0,"Two","Forward"
"766","T2C",6,0,"Two","Forward"
"767","T2G",6,0,"Two","Forward"
"768","T2T",6,0,"Two","Forward"
"769","A2A",7,0,"Two","Forward"
"770","A2C",7,0,"Two","Forward"
"771","A2G",7,0,"Two","Forward"
"772","A2T",7,0,"Two","Forward"
"773","C2A",7,0,"Two","Forward"
"774","C2C",7,0,"Two","Forward"
"775","C2G",7,0,"Two","Forward"
"776","C2T",7,0,"Two","Forward"
"777","G2A",7,0,"Two","Forward"
"778","G2C",7,0,"Two","Forward"
"779","G2G",7,0,"Two","Forward"
"780","G2T",7,0,"Two","Forward"
"781","T2A",7,0,"Two","Forward"
"782","T2C",7,0,"Two","Forward"
"783","T2G",7,0,"Two","Forward"
"784","T2T",7,0,"Two","Forward"
"785","A2A",8,0,"Two","Forward"
"786","A2C",8,0,"Two","Forward"
"787","A2G",8,0,"Two","Forward"
"788","A2T",8,0,"Two","Forward"
"789","C2A",8,0,"Two","Forward"
"790","C2C",8,0,"Two","Forward"
"791","C2G",8,0,"Two","Forward"
"792","C2T",8,0,"Two","Forward"
"793","G2A",8,0,"Two","Forward"
"794","G2C",8,0,"Two","Forward"
"795","G2G",8,0,"Two","Forward"
"796","G2T",8,0,"Two","Forward"
"797","T2A",8,0,"Two","Forward"
"798","T2C",8,0,"Two","Forward"
"799","T2G",8,0,"Two","Forward"
"800","T2T",8,0,"Two","Forward"
"801","A2A",9,0,"Two","Forward"
"802","A2C",9,0,"Two","Forward"
"803","A2G",9,0,"Two","Forward"
"804","A2T",9,0,"Two","Forward"
"805","C2A",9,0,"Two","Forward"
"806","C2C",9,0,"Two","Forward"
"807","C2G",9,0,"Two","Forward"
"808","C2T",9,0,"Two","Forward"
"809","G2A",9,0,"Two","Forward"
"810","G2C",9,0,"Two","Forward"
"811","G2G",9,0,"Two","Forward"
"812","G2T",9,0,"Two","Forward"
"813","T2A",9,0,"Two","Forward"
"814","T2C",9,0,"Two","Forward"
"815","T2G",9,0,"Two","Forward"
"816","T2T",9,0,"Two","Forward"
"817","A2A",10,0,"Two","Forward"
"818","A2C",10,0,"Two","Forward"
"819","A2G",10,0,"Two","Forward"
"820","A2T",10,0,"Two","Forward"
"821","C2A",10,0,"Two","Forward"
"822","C2C",10,0,"Two","Forward"
"823","C2G",10,0,"Two","Forward"
"824","C2T",10,0,"Two","Forward"
"825","G2A",10,0,"Two","Forward"
"826","G2C",10,0,"Two","Forward"
"827","G2G",10,0,"Two","Forward"
"828","G2T",10,0,"Two","Forward"
"829","T2A",10,0,"Two","Forward"
"830","T2C",10,0,"Two","Forward"
"831","T2G",10,0,"Two","Forward"
"832","T2T",10,0,"Two","Forward"
"833","A2A",11,0,"Two","Forward"
"834","A2C",11,0,"Two","Forward"
"835","A2G",11,0,"Two","Forward"
"836","A2T",11,0,"Two","Forward"
"837","C2A",11,0,"Two","Forward"
"838","C2C",11,0,"Two","Forward"
"839","C2G",11,0,"Two","Forward"
"840","C2T",11,0,"Two","Forward"
"841","G2A",11,0,"Two","Forward"
"842","G2C",11,0,"Two","Forward"
"843","G2G",11,0,"Two","Forward"
"844","G2T",11,0,"Two","Forward"
"845","T2A",11,0,"Two","Forward"
"846","T2C",11,0,"Two","Forward"
"847","T2G",11,0,"Two","Forward"
"848","T2T",11,0,"Two","Forward"
"849","A2A",12,186,"Two","Forward"
"850","A2C",12,10,"Two","Forward"
"851","A2G",12,58,"Two","Forward"
"852","A2T",12,7,"Two","Forward"
"853","C2A",12,9,"Two","Forward"
"854","C2C",12,203,"Two","Forward"
"855","C2G",12,24,"Two","Forward"
"856","C2T",12,18,"Two","Forward"
"857","G2A",12,18,"Two","Forward"
"858","G2C",12,2,"Two","Forward"
"859","G2G",12,2170,"Two","Forward"
"860","G2T",12,8,"Two","Forward"
"861","T2A",12,39,"Two","Forward"
"862","T2C",12,57,"Two","Forward"
"863","T2G",12,373,"Two","Forward"
"864","T2T",12,1022,"Two","Forward"
"865","A2A",13,2321,"Two","Forward"
"866","A2C",13,145,"Two","Forward"
"867","A2G",13,133,"Two","Forward"
"868","A2T",13,124,"Two","Forward"
"869","C2A",13,115,"Two","Forward"
"870","C2C",13,2148,"Two","Forward"
"871","C2G",13,235,"Two","Forward"
"872","C2T",13,76,"Two","Forward"
"873","G2A",13,92,"Two","Forward"
"874","G2C",13,98,"Two","Forward"
"875","G2G",13,4034,"Two","Forward"
"876","G2T",13,123,"Two","Forward"
"877","T2A",13,117,"Two","Forward"
"878","T2C",13,201,"Two","Forward"
"879","T2G",13,148,"Two","Forward"
"880","T2T",13,693,"Two","Forward"
"881","A2A",14,3688,"Two","Forward"
"882","A2C",14,305,"Two","Forward"
"883","A2G",14,290,"Two","Forward"
"884","A2T",14,100,"Two","Forward"
"885","C2A",14,209,"Two","Forward"
"886","C2C",14,4480,"Two","Forward"
"887","C2G",14,99,"Two","Forward"
"888","C2T",14,167,"Two","Forward"
"889","G2A",14,234,"Two","Forward"
"890","G2C",14,117,"Two","Forward"
"891","G2G",14,5140,"Two","Forward"
"892","G2T",14,313,"Two","Forward"
"893","T2A",14,193,"Two","Forward"
"894","T2C",14,403,"Two","Forward"
"895","T2G",14,241,"Two","Forward"
"896","T2T",14,1968,"Two","Forward"
"897","A2A",15,13840,"Two","Forward"
"898","A2C",15,478,"Two","Forward"
"899","A2G",15,298,"Two","Forward"
"900","A2T",15,512,"Two","Forward"
"901","C2A",15,453,"Two","Forward"
"902","C2C",15,6789,"Two","Forward"
"903","C2G",15,147,"Two","Forward"
"904","C2T",15,1179,"Two","Forward"
"905","G2A",15,310,"Two","Forward"
"906","G2C",15,96,"Two","Forward"
"907","G2G",15,5313,"Two","Forward"
"908","G2T",15,491,"Two","Forward"
"909","T2A",15,307,"Two","Forward"
"910","T2C",15,524,"Two","Forward"
"911","T2G",15,397,"Two","Forward"
"912","T2T",15,8798,"Two","Forward"
"913","A2A",16,8781,"Two","Forward"
"914","A2C",16,438,"Two","Forward"
"915","A2G",16,224,"Two","Forward"
"916","A2T",16,314,"Two","Forward"
"917","C2A",16,343,"Two","Forward"
"918","C2C",16,5299,"Two","Forward"
"919","C2G",16,78,"Two","Forward"
"920","C2T",16,485,"Two","Forward"
"921","G2A",16,324,"Two","Forward"
"922","G2C",16,173,"Two","Forward"
"923","G2G",16,4773,"Two","Forward"
"924","G2T",16,245,"Two","Forward"
"925","T2A",16,374,"Two","Forward"
"926","T2C",16,529,"Two","Forward"
"927","T2G",16,356,"Two","Forward"
"928","T2T",16,6032,"Two","Forward"
"929","A2A",17,4812,"Two","Forward"
"930","A2C",17,182,"Two","Forward"
"931","A2G",17,290,"Two","Forward"
"932","A2T",17,279,"Two","Forward"
"933","C2A",17,244,"Two","Forward"
"934","C2C",17,2919,"Two","Forward"
"935","C2G",17,98,"Two","Forward"
"936","C2T",17,186,"Two","Forward"
"937","G2A",17,198,"Two","Forward"
"938","G2C",17,160,"Two","Forward"
"939","G2G",17,3243,"Two","Forward"
"940","G2T",17,116,"Two","Forward"
"941","T2A",17,208,"Two","Forward"
"942","T2C",17,261,"Two","Forward"
"943","T2G",17,210,"Two","Forward"
"944","T2T",17,4450,"Two","Forward"
"945","A2A",18,6053,"Two","Forward"
"946","A2C",18,467,"Two","Forward"
"947","A2G",18,114,"Two","Forward"
"948","A2T",18,225,"Two","Forward"
"949","C2A",18,179,"Two","Forward"
"950","C2C",18,4279,"Two","Forward"
"951","C2G",18,192,"Two","Forward"
"952","C2T",18,127,"Two","Forward"
"953","G2A",18,205,"Two","Forward"
"954","G2C",18,42,"Two","Forward"
"955","G2G",18,3165,"Two","Forward"
"956","G2T",18,191,"Two","Forward"
"957","T2A",18,373,"Two","Forward"
"958","T2C",18,370,"Two","Forward"
"959","T2G",18,297,"Two","Forward"
"960","T2T",18,3451,"Two","Forward"
"961","A2A",19,5369,"Two","Forward"
"962","A2C",19,155,"Two","Forward"
"963","A2G",19,142,"Two","Forward"
"964","A2T",19,215,"Two","Forward"
"965","C2A",19,234,"Two","Forward"
"966","C2C",19,1974,"Two","Forward"
"967","C2G",19,114,"Two","Forward"
"968","C2T",19,170,"Two","Forward"
"969","G2A",19,89,"Two","Forward"
"970","G2C",19,32,"Two","Forward"
"971","G2G",19,962,"Two","Forward"
"972","G2T",19,104,"Two","Forward"
"973","T2A",19,130,"Two","Forward"
"974","T2C",19,245,"Two","Forward"
"975","T2G",19,145,"Two","Forward"
"976","T2T",19,4257,"Two","Forward"
"977","A2A",20,5676,"Two","Forward"
"978","A2C",20,148,"Two","Forward"
"979","A2G",20,54,"Two","Forward"
"980","A2T",20,236,"Two","Forward"
"981","C2A",20,152,"Two","Forward"
"982","C2C",20,2372,"Two","Forward"
"983","C2G",20,135,"Two","Forward"
"984","C2T",20,180,"Two","Forward"
"985","G2A",20,118,"Two","Forward"
"986","G2C",20,43,"Two","Forward"
"987","G2G",20,2943,"Two","Forward"
"988","G2T",20,303,"Two","Forward"
"989","T2A",20,186,"Two","Forward"
"990","T2C",20,198,"Two","Forward"
"991","T2G",20,136,"Two","Forward"
"992","T2T",20,6730,"Two","Forward"
"993","A2A",21,2999,"Two","Forward"
"994","A2C",21,43,"Two","Forward"
"995","A2G",21,2,"Two","Forward"
"996","A2T",21,32,"Two","Forward"
"997","C2A",21,66,"Two","Forward"
"998","C2C",21,232,"Two","Forward"
"999","C2G",21,124,"Two","Forward"
"1000","C2T",21,71,"Two","Forward"
"1001","G2A",21,29,"Two","Forward"
"1002","G2C",21,9,"Two","Forward"
"1003","G2G",21,427,"Two","Forward"
"1004","G2T",21,59,"Two","Forward"
"1005","T2A",21,35,"Two","Forward"
"1006","T2C",21,9,"Two","Forward"
"1007","T2G",21,23,"Two","Forward"
"1008","T2T",21,474,"Two","Forward"
"1009","A2A",22,760,"Two","Forward"
"1010","A2C",22,75,"Two","Forward"
"1011","A2G",22,10,"Two","Forward"
"1012","A2T",22,43,"Two","Forward"
"1013","C2A",22,68,"Two","Forward"
"1014","C2C",22,312,"Two","Forward"
"1015","C2G",22,19,"Two","Forward"
"1016","C2T",22,22,"Two","Forward"
"1017","G2A",22,17,"Two","Forward"
"1018","G2C",22,25,"Two","Forward"
"1019","G2G",22,568,"Two","Forward"
"1020","G2T",22,51,"Two","Forward"
"1021","T2A",22,28,"Two","Forward"
"1022","T2C",22,21,"Two","Forward"
"1023","T2G",22,16,"Two","Forward"
"1024","T2T",22,474,"Two","Forward"
"1025","A2A",23,778,"Two","Forward"
"1026","A2C",23,68,"Two","Forward"
"1027","A2G",23,11,"Two","Forward"
"1028","A2T",23,5,"Two","Forward"
"1029","C2A",23,65,"Two","Forward"
"1030","C2C",23,377,"Two","Forward"
"1031","C2G",23,25,"Two","Forward"
"1032","C2T",23,75,"Two","Forward"
"1033","G2A",23,35,"Two","Forward"
"1034","G2C",23,13,"Two","Forward"
"1035","G2G",23,696,"Two","Forward"
"1036","G2T",23,35,"Two","Forward"
"1037","T2A",23,40,"Two","Forward"
"1038","T2C",23,4,"Two","Forward"
"1039","T2G",23,13,"Two","Forward"
"1040","T2T",23,952,"Two","Forward"
"1041","A2A",24,2819,"Two","Forward"
"1042","A2C",24,93,"Two","Forward"
"1043","A2G",24,33,"Two","Forward"
"1044","A2T",24,46,"Two","Forward"
"1045","C2A",24,110,"Two","Forward"
"1046","C2C",24,1751,"Two","Forward"
"1047","C2G",24,186,"Two","Forward"
"1048","C2T",24,283,"Two","Forward"
"1049","G2A",24,80,"Two","Forward"
"1050","G2C",24,47,"Two","Forward"
"1051","G2G",24,2405,"Two","Forward"
"1052","G2T",24,61,"Two","Forward"
"1053","T2A",24,37,"Two","Forward"
"1054","T2C",24,114,"Two","Forward"
"1055","T2G",24,52,"Two","Forward"
"1056","T2T",24,2498,"Two","Forward"
"1057","A2A",25,3431,"Two","Forward"
"1058","A2C",25,57,"Two","Forward"
"1059","A2G",25,42,"Two","Forward"
"1060","A2T",25,88,"Two","Forward"
"1061","C2A",25,104,"Two","Forward"
"1062","C2C",25,2868,"Two","Forward"
"1063","C2G",25,153,"Two","Forward"
"1064","C2T",25,443,"Two","Forward"
"1065","G2A",25,105,"Two","Forward"
"1066","G2C",25,38,"Two","Forward"
"1067","G2G",25,3820,"Two","Forward"
"1068","G2T",25,93,"Two","Forward"
"1069","T2A",25,134,"Two","Forward"
"1070","T2C",25,175,"Two","Forward"
"1071","T2G",25,67,"Two","Forward"
"1072","T2T",25,3305,"Two","Forward"
"1073","A2A",26,6116,"Two","Forward"
"1074","A2C",26,129,"Two","Forward"
"1075","A2G",26,124,"Two","Forward"
"1076","A2T",26,94,"Two","Forward"
"1077","C2A",26,100,"Two","Forward"
"1078","C2C",26,4116,"Two","Forward"
"1079","C2G",26,189,"Two","Forward"
"1080","C2T",26,1011,"Two","Forward"
"1081","G2A",26,141,"Two","Forward"
"1082","G2C",26,79,"Two","Forward"
"1083","G2G",26,5552,"Two","Forward"
"1084","G2T",26,136,"Two","Forward"
"1085","T2A",26,157,"Two","Forward"
"1086","T2C",26,267,"Two","Forward"
"1087","T2G",26,126,"Two","Forward"
"1088","T2T",26,6475,"Two","Forward"
"1089","A2A",27,10061,"Two","Forward"
"1090","A2C",27,160,"Two","Forward"
"1091","A2G",27,209,"Two","Forward"
"1092","A2T",27,255,"Two","Forward"
"1093","C2A",27,176,"Two","Forward"
"1094","C2C",27,6710,"Two","Forward"
"1095","C2G",27,129,"Two","Forward"
"1096","C2T",27,788,"Two","Forward"
"1097","G2A",27,175,"Two","Forward"
"1098","G2C",27,98,"Two","Forward"
"1099","G2G",27,6824,"Two","Forward"
"1100","G2T",27,378,"Two","Forward"
"1101","T2A",27,172,"Two","Forward"
"1102","T2C",27,332,"Two","Forward"
"1103","T2G",27,182,"Two","Forward"
"1104","T2T",27,9185,"Two","Forward"
"1105","A2A",28,9719,"Two","Forward"
"1106","A2C",28,108,"Two","Forward"
"1107","A2G",28,148,"Two","Forward"
"1108","A2T",28,122,"Two","Forward"
"1109","C2A",28,122,"Two","Forward"
"1110","C2C",28,4258,"Two","Forward"
"1111","C2G",28,194,"Two","Forward"
"1112","C2T",28,15101,"Two","Forward"
"1113","G2A",28,135,"Two","Forward"
"1114","G2C",28,76,"Two","Forward"
"1115","G2G",28,5436,"Two","Forward"
"1116","G2T",28,91,"Two","Forward"
"1117","T2A",28,262,"Two","Forward"
"1118","T2C",28,208,"Two","Forward"
"1119","T2G",28,103,"Two","Forward"
"1120","T2T",28,7970,"Two","Forward"
"1121","A2A",29,26473,"Two","Forward"
"1122","A2C",29,98,"Two","Forward"
"1123","A2G",29,120,"Two","Forward"
"1124","A2T",29,141,"Two","Forward"
"1125","C2A",29,118,"Two","Forward"
"1126","C2C",29,4692,"Two","Forward"
"1127","C2G",29,355,"Two","Forward"
"1128","C2T",29,973,"Two","Forward"
"1129","G2A",29,156,"Two","Forward"
"1130","G2C",29,90,"Two","Forward"
"1131","G2G",29,7146,"Two","Forward"
"1132","G2T",29,238,"Two","Forward"
"1133","T2A",29,320,"Two","Forward"
"1134","T2C",29,165,"Two","Forward"
"1135","T2G",29,179,"Two","Forward"
"1136","T2T",29,9081,"Two","Forward"
"1137","A2A",30,17395,"Two","Forward"
"1138","A2C",30,173,"Two","Forward"
"1139","A2G",30,461,"Two","Forward"
"1140","A2T",30,233,"Two","Forward"
"1141","C2A",30,200,"Two","Forward"
"1142","C2C",30,9519,"Two","Forward"
"1143","C2G",30,781,"Two","Forward"
"1144","C2T",30,1182,"Two","Forward"
"1145","G2A",30,236,"Two","Forward"
"1146","G2C",30,218,"Two","Forward"
"1147","G2G",30,15899,"Two","Forward"
"1148","G2T",30,220,"Two","Forward"
"1149","T2A",30,253,"Two","Forward"
"1150","T2C",30,434,"Two","Forward"
"1151","T2G",30,267,"Two","Forward"
"1152","T2T",30,13361,"Two","Forward"
"1153","A2A",31,18566,"Two","Forward"
"1154","A2C",31,166,"Two","Forward"
"1155","A2G",31,355,"Two","Forward"
"1156","A2T",31,321,"Two","Forward"
"1157","C2A",31,209,"Two","Forward"
"1158","C2C",31,10182,"Two","Forward"
"1159","C2G",31,812,"Two","Forward"
"1160","C2T",31,862,"Two","Forward"
"1161","G2A",31,392,"Two","Forward"
"1162","G2C",31,150,"Two","Forward"
"1163","G2G",31,31768,"Two","Forward"
"1164","G2T",31,179,"Two","Forward"
"1165","T2A",31,315,"Two","Forward"
"1166","T2C",31,497,"Two","Forward"
"1167","T2G",31,232,"Two","Forward"
"1168","T2T",31,38788,"Two","Forward"
"1169","A2A",32,25730,"Two","Forward"
"1170","A2C",32,320,"Two","Forward"
"1171","A2G",32,1211,"Two","Forward"
"1172","A2T",32,378,"Two","Forward"
"1173","C2A",32,414,"Two","Forward"
"1174","C2C",32,19189,"Two","Forward"
"1175","C2G",32,15280,"Two","Forward"
"1176","C2T",32,1056,"Two","Forward"
"1177","G2A",32,704,"Two","Forward"
"1178","G2C",32,499,"Two","Forward"
"1179","G2G",32,28433,"Two","Forward"
"1180","G2T",32,565,"Two","Forward"
"1181","T2A",32,445,"Two","Forward"
"1182","T2C",32,987,"Two","Forward"
"1183","T2G",32,381,"Two","Forward"
"1184","T2T",32,23907,"Two","Forward"
"1185","A2A",33,57052,"Two","Forward"
"1186","A2C",33,721,"Two","Forward"
"1187","A2G",33,2030,"Two","Forward"
"1188","A2T",33,676,"Two","Forward"
"1189","C2A",33,725,"Two","Forward"
"1190","C2C",33,39556,"Two","Forward"
"1191","C2G",33,1218,"Two","Forward"
"1192","C2T",33,2966,"Two","Forward"
"1193","G2A",33,1545,"Two","Forward"
"1194","G2C",33,448,"Two","Forward"
"1195","G2G",33,42650,"Two","Forward"
"1196","G2T",33,800,"Two","Forward"
"1197","T2A",33,845,"Two","Forward"
"1198","T2C",33,3208,"Two","Forward"
"1199","T2G",33,773,"Two","Forward"
"1200","T2T",33,58069,"Two","Forward"
"1201","A2A",34,105252,"Two","Forward"
"1202","A2C",34,975,"Two","Forward"
"1203","A2G",34,2378,"Two","Forward"
"1204","A2T",34,792,"Two","Forward"
"1205","C2A",34,910,"Two","Forward"
"1206","C2C",34,74863,"Two","Forward"
"1207","C2G",34,1383,"Two","Forward"
"1208","C2T",34,17734,"Two","Forward"
"1209","G2A",34,2246,"Two","Forward"
"1210","G2C",34,812,"Two","Forward"
"1211","G2G",34,68012,"Two","Forward"
"1212","G2T",34,1580,"Two","Forward"
"1213","T2A",34,611,"Two","Forward"
"1214","T2C",34,4561,"Two","Forward"
"1215","T2G",34,1085,"Two","Forward"
"1216","T2T",34,69169,"Two","Forward"
"1217","A2A",35,190871,"Two","Forward"
"1218","A2C",35,1163,"Two","Forward"
"1219","A2G",35,5058,"Two","Forward"
"1220","A2T",35,809,"Two","Forward"
"1221","C2A",35,1735,"Two","Forward"
"1222","C2C",35,209255,"Two","Forward"
"1223","C2G",35,1672,"Two","Forward"
"1224","C2T",35,18670,"Two","Forward"
"1225","G2A",35,17419,"Two","Forward"
"1226","G2C",35,1494,"Two","Forward"
"1227","G2G",35,178635,"Two","Forward"
"1228","G2T",35,2144,"Two","Forward"
"1229","T2A",35,954,"Two","Forward"
"1230","T2C",35,22322,"Two","Forward"
"1231","T2G",35,1635,"Two","Forward"
"1232","T2T",35,329587,"Two","Forward"
"1233","A2A",36,438938,"Two","Forward"
"1234","A2C",36,3623,"Two","Forward"
"1235","A2G",36,21766,"Two","Forward"
"1236","A2T",36,1248,"Two","Forward"
"1237","C2A",36,18795,"Two","Forward"
"1238","C2C",36,469486,"Two","Forward"
"1239","C2G",36,3983,"Two","Forward"
"1240","C2T",36,6068,"Two","Forward"
"1241","G2A",36,4351,"Two","Forward"
"1242","G2C",36,17183,"Two","Forward"
"1243","G2G",36,779110,"Two","Forward"
"1244","G2T",36,31915,"Two","Forward"
"1245","T2A",36,1576,"Two","Forward"
"1246","T2C",36,11903,"Two","Forward"
"1247","T2G",36,18767,"Two","Forward"
"1248","T2T",36,398483,"Two","Forward"
"1249","A2A",37,1624115,"Two","Forward"
"1250","A2C",37,38720,"Two","Forward"
"1251","A2G",37,9803,"Two","Forward"
"1252","A2T",37,4182,"Two","Forward"
"1253","C2A",37,21872,"Two","Forward"
"1254","C2C",37,1228778,"Two","Forward"
"1255","C2G",37,37595,"Two","Forward"
"1256","C2T",37,42771,"Two","Forward"
"1257","G2A",37,21972,"Two","Forward"
"1258","G2C",37,8592,"Two","Forward"
"1259","G2G",37,3043305,"Two","Forward"
"1260","G2T",37,21991,"Two","Forward"
"1261","T2A",37,6197,"Two","Forward"
"1262","T2C",37,34608,"Two","Forward"
"1263","T2G",37,39250,"Two","Forward"
"1264","T2T",37,1247921,"Two","Forward"
"1265","A2A",38,9990436,"Two","Forward"
"1266","A2C",38,106176,"Two","Forward"
"1267","A2G",38,88421,"Two","Forward"
"1268","A2T",38,41373,"Two","Forward"
"1269","C2A",38,75622,"Two","Forward"
"1270","C2C",38,7349862,"Two","Forward"
"1271","C2G",38,119739,"Two","Forward"
"1272","C2T",38,142688,"Two","Forward"
"1273","G2A",38,71284,"Two","Forward"
"1274","G2C",38,104044,"Two","Forward"
"1275","G2G",38,5793265,"Two","Forward"
"1276","G2T",38,27645,"Two","Forward"
"1277","T2A",38,118713,"Two","Forward"
"1278","T2C",38,176838,"Two","Forward"
"1279","T2G",38,79010,"Two","Forward"
"1280","T2T",38,6425092,"Two","Forward"
"1281","A2A",39,13698042,"Two","Forward"
"1282","A2C",39,76268,"Two","Forward"
"1283","A2G",39,19573,"Two","Forward"
"1284","A2T",39,108911,"Two","Forward"
"1285","C2A",39,53454,"Two","Forward"
"1286","C2C",39,10109443,"Two","Forward"
"1287","C2G",39,38854,"Two","Forward"
"1288","C2T",39,89897,"Two","Forward"
"1289","G2A",39,35670,"Two","Forward"
"1290","G2C",39,18607,"Two","Forward"
"1291","G2G",39,8052297,"Two","Forward"
"1292","G2T",39,138727,"Two","Forward"
"1293","T2A",39,84043,"Two","Forward"
"1294","T2C",39,115282,"Two","Forward"
"1295","T2G",39,13448,"Two","Forward"
"1296","T2T",39,32796493,"Two","Forward"
"1297","A2A",40,833,"Two","Forward"
"1298","A2C",40,1,"Two","Forward"
"1299","A2G",40,1,"Two","Forward"
"1300","A2T",40,4,"Two","Forward"
"1301","C2A",40,0,"Two","Forward"
"1302","C2C",40,1038,"Two","Forward"
"1303","C2G",40,0,"Two","Forward"
"1304","C2T",40,3,"Two","Forward"
"1305","G2A",40,2,"Two","Forward"
"1306","G2C",40,1,"Two","Forward"
"1307","G2G",40,912,"Two","Forward"
"1308","G2T",40,16,"Two","Forward"
"1309","T2A",40,4,"Two","Forward"
"1310","T2C",40,15,"Two","Forward"
"1311","T2G",40,2,"Two","Forward"
"1312","T2T",40,2892,"Two","Forward"
"1313","A2A",0,0,"Three","Forward"
"1314","A2C",0,0,"Three","Forward"
"1315","A2G",0,0,"Three","Forward"
"1316","A2T",0,0,"Three","Forward"
"1317","C2A",0,0,"Three","Forward"
"1318","C2C",0,0,"Three","Forward"
"1319","C2G",0,0,"Three","Forward"
"1320","C2T",0,0,"Three","Forward"
"1321","G2A",0,0,"Three","Forward"
"1322","G2C",0,0,"Three","Forward"
"1323","G2G",0,0,"Three","Forward"
"1324","G2T",0,0,"Three","Forward"
"1325","T2A",0,0,"Three","Forward"
"1326","T2C",0,0,"Three","Forward"
"1327","T2G",0,0,"Three","Forward"
"1328","T2T",0,0,"Three","Forward"
"1329","A2A",1,0,"Three","Forward"
"1330","A2C",1,0,"Three","Forward"
"1331","A2G",1,0,"Three","Forward"
"1332","A2T",1,0,"Three","Forward"
"1333","C2A",1,0,"Three","Forward"
"1334","C2C",1,0,"Three","Forward"
"1335","C2G",1,0,"Three","Forward"
"1336","C2T",1,0,"Three","Forward"
"1337","G2A",1,0,"Three","Forward"
"1338","G2C",1,0,"Three","Forward"
"1339","G2G",1,0,"Three","Forward"
"1340","G2T",1,0,"Three","Forward"
"1341","T2A",1,0,"Three","Forward"
"1342","T2C",1,0,"Three","Forward"
"1343","T2G",1,0,"Three","Forward"
"1344","T2T",1,0,"Three","Forward"
"1345","A2A",2,0,"Three","Forward"
"1346","A2C",2,0,"Three","Forward"
"1347","A2G",2,0,"Three","Forward"
"1348","A2T",2,0,"Three","Forward"
"1349","C2A",2,0,"Three","Forward"
"1350","C2C",2,0,"Three","Forward"
"1351","C2G",2,0,"Three","Forward"
"1352","C2T",2,0,"Three","Forward"
"1353","G2A",2,0,"Three","Forward"
"1354","G2C",2,0,"Three","Forward"
"1355","G2G",2,0,"Three","Forward"
"1356","G2T",2,0,"Three","Forward"
"1357","T2A",2,0,"Three","Forward"
"1358","T2C",2,0,"Three","Forward"
"1359","T2G",2,0,"Three","Forward"
"1360","T2T",2,0,"Three","Forward"
"1361","A2A",3,0,"Three","Forward"
"1362","A2C",3,0,"Three","Forward"
"1363","A2G",3,0,"Three","Forward"
"1364","A2T",3,0,"Three","Forward"
"1365","C2A",3,0,"Three","Forward"
"1366","C2C",3,0,"Three","Forward"
"1367","C2G",3,0,"Three","Forward"
"1368","C2T",3,0,"Three","Forward"
"1369","G2A",3,0,"Three","Forward"
"1370","G2C",3,0,"Three","Forward"
"1371","G2G",3,0,"Three","Forward"
"1372","G2T",3,0,"Three","Forward"
"1373","T2A",3,0,"Three","Forward"
"1374","T2C",3,0,"Three","Forward"
"1375","T2G",3,0,"Three","Forward"
"1376","T2T",3,0,"Three","Forward"
"1377","A2A",4,0,"Three","Forward"
"1378","A2C",4,0,"Three","Forward"
"1379","A2G",4,0,"Three","Forward"
"1380","A2T",4,0,"Three","Forward"
"1381","C2A",4,0,"Three","Forward"
"1382","C2C",4,0,"Three","Forward"
"1383","C2G",4,0,"Three","Forward"
"1384","C2T",4,0,"Three","Forward"
"1385","G2A",4,0,"Three","Forward"
"1386","G2C",4,0,"Three","Forward"
"1387","G2G",4,0,"Three","Forward"
"1388","G2T",4,0,"Three","Forward"
"1389","T2A",4,0,"Three","Forward"
"1390","T2C",4,0,"Three","Forward"
"1391","T2G",4,0,"Three","Forward"
"1392","T2T",4,0,"Three","Forward"
"1393","A2A",5,0,"Three","Forward"
"1394","A2C",5,0,"Three","Forward"
"1395","A2G",5,0,"Three","Forward"
"1396","A2T",5,0,"Three","Forward"
"1397","C2A",5,0,"Three","Forward"
"1398","C2C",5,0,"Three","Forward"
"1399","C2G",5,0,"Three","Forward"
"1400","C2T",5,0,"Three","Forward"
"1401","G2A",5,0,"Three","Forward"
"1402","G2C",5,0,"Three","Forward"
"1403","G2G",5,0,"Three","Forward"
"1404","G2T",5,0,"Three","Forward"
"1405","T2A",5,0,"Three","Forward"
"1406","T2C",5,0,"Three","Forward"
"1407","T2G",5,0,"Three","Forward"
"1408","T2T",5,0,"Three","Forward"
"1409","A2A",6,0,"Three","Forward"
"1410","A2C",6,0,"Three","Forward"
"1411","A2G",6,0,"Three","Forward"
"1412","A2T",6,0,"Three","Forward"
"1413","C2A",6,0,"Three","Forward"
"1414","C2C",6,0,"Three","Forward"
"1415","C2G",6,0,"Three","Forward"
"1416","C2T",6,0,"Three","Forward"
"1417","G2A",6,0,"Three","Forward"
"1418","G2C",6,0,"Three","Forward"
"1419","G2G",6,0,"Three","Forward"
"1420","G2T",6,0,"Three","Forward"
"1421","T2A",6,0,"Three","Forward"
"1422","T2C",6,0,"Three","Forward"
"1423","T2G",6,0,"Three","Forward"
"1424","T2T",6,0,"Three","Forward"
"1425","A2A",7,0,"Three","Forward"
"1426","A2C",7,0,"Three","Forward"
"1427","A2G",7,0,"Three","Forward"
"1428","A2T",7,0,"Three","Forward"
"1429","C2A",7,0,"Three","Forward"
"1430","C2C",7,0,"Three","Forward"
"1431","C2G",7,0,"Three","Forward"
"1432","C2T",7,0,"Three","Forward"
"1433","G2A",7,0,"Three","Forward"
"1434","G2C",7,0,"Three","Forward"
"1435","G2G",7,0,"Three","Forward"
"1436","G2T",7,0,"Three","Forward"
"1437","T2A",7,0,"Three","Forward"
"1438","T2C",7,0,"Three","Forward"
"1439","T2G",7,0,"Three","Forward"
"1440","T2T",7,0,"Three","Forward"
"1441","A2A",8,0,"Three","Forward"
"1442","A2C",8,0,"Three","Forward"
"1443","A2G",8,0,"Three","Forward"
"1444","A2T",8,0,"Three","Forward"
"1445","C2A",8,0,"Three","Forward"
"1446","C2C",8,0,"Three","Forward"
"1447","C2G",8,0,"Three","Forward"
"1448","C2T",8,0,"Three","Forward"
"1449","G2A",8,0,"Three","Forward"
"1450","G2C",8,0,"Three","Forward"
"1451","G2G",8,0,"Three","Forward"
"1452","G2T",8,0,"Three","Forward"
"1453","T2A",8,0,"Three","Forward"
"1454","T2C",8,0,"Three","Forward"
"1455","T2G",8,0,"Three","Forward"
"1456","T2T",8,0,"Three","Forward"
"1457","A2A",9,0,"Three","Forward"
"1458","A2C",9,0,"Three","Forward"
"1459","A2G",9,0,"Three","Forward"
"1460","A2T",9,0,"Three","Forward"
"1461","C2A",9,0,"Three","Forward"
"1462","C2C",9,0,"Three","Forward"
"1463","C2G",9,0,"Three","Forward"
"1464","C2T",9,0,"Three","Forward"
"1465","G2A",9,0,"Three","Forward"
"1466","G2C",9,0,"Three","Forward"
"1467","G2G",9,0,"Three","Forward"
"1468","G2T",9,0,"Three","Forward"
"1469","T2A",9,0,"Three","Forward"
"1470","T2C",9,0,"Three","Forward"
"1471","T2G",9,0,"Three","Forward"
"1472","T2T",9,0,"Three","Forward"
"1473","A2A",10,0,"Three","Forward"
"1474","A2C",10,0,"Three","Forward"
"1475","A2G",10,0,"Three","Forward"
"1476","A2T",10,0,"Three","Forward"
"1477","C2A",10,0,"Three","Forward"
"1478","C2C",10,0,"Three","Forward"
"1479","C2G",10,0,"Three","Forward"
"1480","C2T",10,0,"Three","Forward"
"1481","G2A",10,0,"Three","Forward"
"1482","G2C",10,0,"Three","Forward"
"1483","G2G",10,0,"Three","Forward"
"1484","G2T",10,0,"Three","Forward"
"1485","T2A",10,0,"Three","Forward"
"1486","T2C",10,0,"Three","Forward"
"1487","T2G",10,0,"Three","Forward"
"1488","T2T",10,0,"Three","Forward"
"1489","A2A",11,0,"Three","Forward"
"1490","A2C",11,0,"Three","Forward"
"1491","A2G",11,0,"Three","Forward"
"1492","A2T",11,0,"Three","Forward"
"1493","C2A",11,0,"Three","Forward"
"1494","C2C",11,0,"Three","Forward"
"1495","C2G",11,0,"Three","Forward"
"1496","C2T",11,0,"Three","Forward"
"1497","G2A",11,0,"Three","Forward"
"1498","G2C",11,0,"Three","Forward"
"1499","G2G",11,0,"Three","Forward"
"1500","G2T",11,0,"Three","Forward"
"1501","T2A",11,0,"Three","Forward"
"1502","T2C",11,0,"Three","Forward"
"1503","T2G",11,0,"Three","Forward"
"1504","T2T",11,0,"Three","Forward"
"1505","A2A",12,8259,"Three","Forward"
"1506","A2C",12,11,"Three","Forward"
"1507","A2G",12,1707,"Three","Forward"
"1508","A2T",12,8720,"Three","Forward"
"1509","C2A",12,21,"Three","Forward"
"1510","C2C",12,2263,"Three","Forward"
"1511","C2G",12,540,"Three","Forward"
"1512","C2T",12,3439,"Three","Forward"
"1513","G2A",12,214,"Three","Forward"
"1514","G2C",12,4412,"Three","Forward"
"1515","G2G",12,50027,"Three","Forward"
"1516","G2T",12,1404,"Three","Forward"
"1517","T2A",12,550,"Three","Forward"
"1518","T2C",12,2427,"Three","Forward"
"1519","T2G",12,50634,"Three","Forward"
"1520","T2T",12,189221,"Three","Forward"
"1521","A2A",13,26423,"Three","Forward"
"1522","A2C",13,60,"Three","Forward"
"1523","A2G",13,254,"Three","Forward"
"1524","A2T",13,7586,"Three","Forward"
"1525","C2A",13,238,"Three","Forward"
"1526","C2C",13,2069,"Three","Forward"
"1527","C2G",13,51,"Three","Forward"
"1528","C2T",13,914,"Three","Forward"
"1529","G2A",13,281,"Three","Forward"
"1530","G2C",13,886,"Three","Forward"
"1531","G2G",13,35434,"Three","Forward"
"1532","G2T",13,1957,"Three","Forward"
"1533","T2A",13,2520,"Three","Forward"
"1534","T2C",13,326,"Three","Forward"
"1535","T2G",13,21590,"Three","Forward"
"1536","T2T",13,94480,"Three","Forward"
"1537","A2A",14,23666,"Three","Forward"
"1538","A2C",14,818,"Three","Forward"
"1539","A2G",14,650,"Three","Forward"
"1540","A2T",14,5035,"Three","Forward"
"1541","C2A",14,135,"Three","Forward"
"1542","C2C",14,43544,"Three","Forward"
"1543","C2G",14,65,"Three","Forward"
"1544","C2T",14,1048,"Three","Forward"
"1545","G2A",14,693,"Three","Forward"
"1546","G2C",14,801,"Three","Forward"
"1547","G2G",14,41917,"Three","Forward"
"1548","G2T",14,3955,"Three","Forward"
"1549","T2A",14,2894,"Three","Forward"
"1550","T2C",14,13138,"Three","Forward"
"1551","T2G",14,7091,"Three","Forward"
"1552","T2T",14,133068,"Three","Forward"
"1553","A2A",15,21286,"Three","Forward"
"1554","A2C",15,371,"Three","Forward"
"1555","A2G",15,447,"Three","Forward"
"1556","A2T",15,1378,"Three","Forward"
"1557","C2A",15,123,"Three","Forward"
"1558","C2C",15,9304,"Three","Forward"
"1559","C2G",15,48,"Three","Forward"
"1560","C2T",15,416,"Three","Forward"
"1561","G2A",15,227,"Three","Forward"
"1562","G2C",15,130,"Three","Forward"
"1563","G2G",15,18769,"Three","Forward"
"1564","G2T",15,1256,"Three","Forward"
"1565","T2A",15,474,"Three","Forward"
"1566","T2C",15,1481,"Three","Forward"
"1567","T2G",15,1468,"Three","Forward"
"1568","T2T",15,77705,"Three","Forward"
"1569","A2A",16,31941,"Three","Forward"
"1570","A2C",16,399,"Three","Forward"
"1571","A2G",16,348,"Three","Forward"
"1572","A2T",16,900,"Three","Forward"
"1573","C2A",16,221,"Three","Forward"
"1574","C2C",16,10759,"Three","Forward"
"1575","C2G",16,39,"Three","Forward"
"1576","C2T",16,566,"Three","Forward"
"1577","G2A",16,177,"Three","Forward"
"1578","G2C",16,66,"Three","Forward"
"1579","G2G",16,16119,"Three","Forward"
"1580","G2T",16,775,"Three","Forward"
"1581","T2A",16,311,"Three","Forward"
"1582","T2C",16,724,"Three","Forward"
"1583","T2G",16,1193,"Three","Forward"
"1584","T2T",16,78267,"Three","Forward"
"1585","A2A",17,16993,"Three","Forward"
"1586","A2C",17,444,"Three","Forward"
"1587","A2G",17,432,"Three","Forward"
"1588","A2T",17,608,"Three","Forward"
"1589","C2A",17,156,"Three","Forward"
"1590","C2C",17,7443,"Three","Forward"
"1591","C2G",17,33,"Three","Forward"
"1592","C2T",17,239,"Three","Forward"
"1593","G2A",17,138,"Three","Forward"
"1594","G2C",17,54,"Three","Forward"
"1595","G2G",17,18563,"Three","Forward"
"1596","G2T",17,540,"Three","Forward"
"1597","T2A",17,229,"Three","Forward"
"1598","T2C",17,313,"Three","Forward"
"1599","T2G",17,615,"Three","Forward"
"1600","T2T",17,92469,"Three","Forward"
"1601","A2A",18,9807,"Three","Forward"
"1602","A2C",18,362,"Three","Forward"
"1603","A2G",18,214,"Three","Forward"
"1604","A2T",18,361,"Three","Forward"
"1605","C2A",18,176,"Three","Forward"
"1606","C2C",18,7775,"Three","Forward"
"1607","C2G",18,41,"Three","Forward"
"1608","C2T",18,123,"Three","Forward"
"1609","G2A",18,161,"Three","Forward"
"1610","G2C",18,49,"Three","Forward"
"1611","G2G",18,24557,"Three","Forward"
"1612","G2T",18,278,"Three","Forward"
"1613","T2A",18,275,"Three","Forward"
"1614","T2C",18,374,"Three","Forward"
"1615","T2G",18,512,"Three","Forward"
"1616","T2T",18,105439,"Three","Forward"
"1617","A2A",19,12586,"Three","Forward"
"1618","A2C",19,258,"Three","Forward"
"1619","A2G",19,172,"Three","Forward"
"1620","A2T",19,289,"Three","Forward"
"1621","C2A",19,156,"Three","Forward"
"1622","C2C",19,6928,"Three","Forward"
"1623","C2G",19,15,"Three","Forward"
"1624","C2T",19,204,"Three","Forward"
"1625","G2A",19,46,"Three","Forward"
"1626","G2C",19,94,"Three","Forward"
"1627","G2G",19,25088,"Three","Forward"
"1628","G2T",19,318,"Three","Forward"
"1629","T2A",19,314,"Three","Forward"
"1630","T2C",19,203,"Three","Forward"
"1631","T2G",19,368,"Three","Forward"
"1632","T2T",19,96943,"Three","Forward"
"1633","A2A",20,16257,"Three","Forward"
"1634","A2C",20,157,"Three","Forward"
"1635","A2G",20,152,"Three","Forward"
"1636","A2T",20,277,"Three","Forward"
"1637","C2A",20,267,"Three","Forward"
"1638","C2C",20,14223,"Three","Forward"
"1639","C2G",20,50,"Three","Forward"
"1640","C2T",20,490,"Three","Forward"
"1641","G2A",20,125,"Three","Forward"
"1642","G2C",20,54,"Three","Forward"
"1643","G2G",20,24450,"Three","Forward"
"1644","G2T",20,754,"Three","Forward"
"1645","T2A",20,261,"Three","Forward"
"1646","T2C",20,261,"Three","Forward"
"1647","T2G",20,221,"Three","Forward"
"1648","T2T",20,90125,"Three","Forward"
"1649","A2A",21,4596,"Three","Forward"
"1650","A2C",21,57,"Three","Forward"
"1651","A2G",21,14,"Three","Forward"
"1652","A2T",21,44,"Three","Forward"
"1653","C2A",21,56,"Three","Forward"
"1654","C2C",21,20733,"Three","Forward"
"1655","C2G",21,2,"Three","Forward"
"1656","C2T",21,78,"Three","Forward"
"1657","G2A",21,14,"Three","Forward"
"1658","G2C",21,14,"Three","Forward"
"1659","G2G",21,17680,"Three","Forward"
"1660","G2T",21,107,"Three","Forward"
"1661","T2A",21,107,"Three","Forward"
"1662","T2C",21,42,"Three","Forward"
"1663","T2G",21,123,"Three","Forward"
"1664","T2T",21,91693,"Three","Forward"
"1665","A2A",22,13805,"Three","Forward"
"1666","A2C",22,31,"Three","Forward"
"1667","A2G",22,52,"Three","Forward"
"1668","A2T",22,85,"Three","Forward"
"1669","C2A",22,83,"Three","Forward"
"1670","C2C",22,15130,"Three","Forward"
"1671","C2G",22,0,"Three","Forward"
"1672","C2T",22,27,"Three","Forward"
"1673","G2A",22,13,"Three","Forward"
"1674","G2C",22,8,"Three","Forward"
"1675","G2G",22,28209,"Three","Forward"
"1676","G2T",22,20,"Three","Forward"
"1677","T2A",22,38,"Three","Forward"
"1678","T2C",22,29,"Three","Forward"
"1679","T2G",22,83,"Three","Forward"
"1680","T2T",22,94471,"Three","Forward"
"1681","A2A",23,10697,"Three","Forward"
"1682","A2C",23,33,"Three","Forward"
"1683","A2G",23,16,"Three","Forward"
"1684","A2T",23,62,"Three","Forward"
"1685","C2A",23,61,"Three","Forward"
"1686","C2C",23,8350,"Three","Forward"
"1687","C2G",23,3,"Three","Forward"
"1688","C2T",23,15,"Three","Forward"
"1689","G2A",23,0,"Three","Forward"
"1690","G2C",23,4,"Three","Forward"
"1691","G2G",23,25114,"Three","Forward"
"1692","G2T",23,17,"Three","Forward"
"1693","T2A",23,31,"Three","Forward"
"1694","T2C",23,31,"Three","Forward"
"1695","T2G",23,95,"Three","Forward"
"1696","T2T",23,90693,"Three","Forward"
"1697","A2A",24,16462,"Three","Forward"
"1698","A2C",24,107,"Three","Forward"
"1699","A2G",24,201,"Three","Forward"
"1700","A2T",24,418,"Three","Forward"
"1701","C2A",24,81,"Three","Forward"
"1702","C2C",24,15786,"Three","Forward"
"1703","C2G",24,16,"Three","Forward"
"1704","C2T",24,174,"Three","Forward"
"1705","G2A",24,97,"Three","Forward"
"1706","G2C",24,20,"Three","Forward"
"1707","G2G",24,39600,"Three","Forward"
"1708","G2T",24,212,"Three","Forward"
"1709","T2A",24,158,"Three","Forward"
"1710","T2C",24,290,"Three","Forward"
"1711","T2G",24,670,"Three","Forward"
"1712","T2T",24,187739,"Three","Forward"
"1713","A2A",25,30360,"Three","Forward"
"1714","A2C",25,20,"Three","Forward"
"1715","A2G",25,85,"Three","Forward"
"1716","A2T",25,150,"Three","Forward"
"1717","C2A",25,28,"Three","Forward"
"1718","C2C",25,13425,"Three","Forward"
"1719","C2G",25,27,"Three","Forward"
"1720","C2T",25,241,"Three","Forward"
"1721","G2A",25,40,"Three","Forward"
"1722","G2C",25,10,"Three","Forward"
"1723","G2G",25,24583,"Three","Forward"
"1724","G2T",25,99,"Three","Forward"
"1725","T2A",25,94,"Three","Forward"
"1726","T2C",25,256,"Three","Forward"
"1727","T2G",25,221,"Three","Forward"
"1728","T2T",25,138712,"Three","Forward"
"1729","A2A",26,40234,"Three","Forward"
"1730","A2C",26,45,"Three","Forward"
"1731","A2G",26,189,"Three","Forward"
"1732","A2T",26,212,"Three","Forward"
"1733","C2A",26,89,"Three","Forward"
"1734","C2C",26,30480,"Three","Forward"
"1735","C2G",26,29,"Three","Forward"
"1736","C2T",26,149,"Three","Forward"
"1737","G2A",26,61,"Three","Forward"
"1738","G2C",26,56,"Three","Forward"
"1739","G2G",26,45513,"Three","Forward"
"1740","G2T",26,107,"Three","Forward"
"1741","T2A",26,130,"Three","Forward"
"1742","T2C",26,203,"Three","Forward"
"1743","T2G",26,326,"Three","Forward"
"1744","T2T",26,233136,"Three","Forward"
"1745","A2A",27,24547,"Three","Forward"
"1746","A2C",27,29,"Three","Forward"
"1747","A2G",27,132,"Three","Forward"
"1748","A2T",27,86,"Three","Forward"
"1749","C2A",27,65,"Three","Forward"
"1750","C2C",27,24314,"Three","Forward"
"1751","C2G",27,27,"Three","Forward"
"1752","C2T",27,245,"Three","Forward"
"1753","G2A",27,44,"Three","Forward"
"1754","G2C",27,21,"Three","Forward"
"1755","G2G",27,17559,"Three","Forward"
"1756","G2T",27,33,"Three","Forward"
"1757","T2A",27,51,"Three","Forward"
"1758","T2C",27,316,"Three","Forward"
"1759","T2G",27,63,"Three","Forward"
"1760","T2T",27,85532,"Three","Forward"
"1761","A2A",28,18540,"Three","Forward"
"1762","A2C",28,24,"Three","Forward"
"1763","A2G",28,59,"Three","Forward"
"1764","A2T",28,90,"Three","Forward"
"1765","C2A",28,53,"Three","Forward"
"1766","C2C",28,35961,"Three","Forward"
"1767","C2G",28,35,"Three","Forward"
"1768","C2T",28,72,"Three","Forward"
"1769","G2A",28,31,"Three","Forward"
"1770","G2C",28,20,"Three","Forward"
"1771","G2G",28,35984,"Three","Forward"
"1772","G2T",28,30,"Three","Forward"
"1773","T2A",28,62,"Three","Forward"
"1774","T2C",28,154,"Three","Forward"
"1775","T2G",28,84,"Three","Forward"
"1776","T2T",28,104241,"Three","Forward"
"1777","A2A",29,47639,"Three","Forward"
"1778","A2C",29,50,"Three","Forward"
"1779","A2G",29,99,"Three","Forward"
"1780","A2T",29,85,"Three","Forward"
"1781","C2A",29,61,"Three","Forward"
"1782","C2C",29,19099,"Three","Forward"
"1783","C2G",29,23,"Three","Forward"
"1784","C2T",29,105,"Three","Forward"
"1785","G2A",29,31,"Three","Forward"
"1786","G2C",29,13,"Three","Forward"
"1787","G2G",29,38791,"Three","Forward"
"1788","G2T",29,24,"Three","Forward"
"1789","T2A",29,172,"Three","Forward"
"1790","T2C",29,416,"Three","Forward"
"1791","T2G",29,88,"Three","Forward"
"1792","T2T",29,97313,"Three","Forward"
"1793","A2A",30,35860,"Three","Forward"
"1794","A2C",30,43,"Three","Forward"
"1795","A2G",30,179,"Three","Forward"
"1796","A2T",30,214,"Three","Forward"
"1797","C2A",30,30,"Three","Forward"
"1798","C2C",30,31056,"Three","Forward"
"1799","C2G",30,28,"Three","Forward"
"1800","C2T",30,99,"Three","Forward"
"1801","G2A",30,154,"Three","Forward"
"1802","G2C",30,22,"Three","Forward"
"1803","G2G",30,60448,"Three","Forward"
"1804","G2T",30,56,"Three","Forward"
"1805","T2A",30,178,"Three","Forward"
"1806","T2C",30,187,"Three","Forward"
"1807","T2G",30,105,"Three","Forward"
"1808","T2T",30,107728,"Three","Forward"
"1809","A2A",31,54310,"Three","Forward"
"1810","A2C",31,61,"Three","Forward"
"1811","A2G",31,83,"Three","Forward"
"1812","A2T",31,97,"Three","Forward"
"1813","C2A",31,11,"Three","Forward"
"1814","C2C",31,23573,"Three","Forward"
"1815","C2G",31,24,"Three","Forward"
"1816","C2T",31,292,"Three","Forward"
"1817","G2A",31,152,"Three","Forward"
"1818","G2C",31,34,"Three","Forward"
"1819","G2G",31,62760,"Three","Forward"
"1820","G2T",31,42,"Three","Forward"
"1821","T2A",31,245,"Three","Forward"
"1822","T2C",31,286,"Three","Forward"
"1823","T2G",31,65,"Three","Forward"
"1824","T2T",31,139339,"Three","Forward"
"1825","A2A",32,62609,"Three","Forward"
"1826","A2C",32,41,"Three","Forward"
"1827","A2G",32,330,"Three","Forward"
"1828","A2T",32,146,"Three","Forward"
"1829","C2A",32,62,"Three","Forward"
"1830","C2C",32,37274,"Three","Forward"
"1831","C2G",32,50,"Three","Forward"
"1832","C2T",32,288,"Three","Forward"
"1833","G2A",32,158,"Three","Forward"
"1834","G2C",32,31,"Three","Forward"
"1835","G2G",32,107914,"Three","Forward"
"1836","G2T",32,117,"Three","Forward"
"1837","T2A",32,167,"Three","Forward"
"1838","T2C",32,247,"Three","Forward"
"1839","T2G",32,155,"Three","Forward"
"1840","T2T",32,165203,"Three","Forward"
"1841","A2A",33,92553,"Three","Forward"
"1842","A2C",33,78,"Three","Forward"
"1843","A2G",33,844,"Three","Forward"
"1844","A2T",33,419,"Three","Forward"
"1845","C2A",33,119,"Three","Forward"
"1846","C2C",33,69262,"Three","Forward"
"1847","C2G",33,78,"Three","Forward"
"1848","C2T",33,457,"Three","Forward"
"1849","G2A",33,538,"Three","Forward"
"1850","G2C",33,91,"Three","Forward"
"1851","G2G",33,141317,"Three","Forward"
"1852","G2T",33,152,"Three","Forward"
"1853","T2A",33,314,"Three","Forward"
"1854","T2C",33,1098,"Three","Forward"
"1855","T2G",33,213,"Three","Forward"
"1856","T2T",33,284601,"Three","Forward"
"1857","A2A",34,115286,"Three","Forward"
"1858","A2C",34,64,"Three","Forward"
"1859","A2G",34,1346,"Three","Forward"
"1860","A2T",34,978,"Three","Forward"
"1861","C2A",34,48,"Three","Forward"
"1862","C2C",34,49117,"Three","Forward"
"1863","C2G",34,98,"Three","Forward"
"1864","C2T",34,629,"Three","Forward"
"1865","G2A",34,986,"Three","Forward"
"1866","G2C",34,53,"Three","Forward"
"1867","G2G",34,172739,"Three","Forward"
"1868","G2T",34,97,"Three","Forward"
"1869","T2A",34,261,"Three","Forward"
"1870","T2C",34,666,"Three","Forward"
"1871","T2G",34,163,"Three","Forward"
"1872","T2T",34,288356,"Three","Forward"
"1873","A2A",35,133194,"Three","Forward"
"1874","A2C",35,83,"Three","Forward"
"1875","A2G",35,2617,"Three","Forward"
"1876","A2T",35,593,"Three","Forward"
"1877","C2A",35,99,"Three","Forward"
"1878","C2C",35,47859,"Three","Forward"
"1879","C2G",35,184,"Three","Forward"
"1880","C2T",35,1602,"Three","Forward"
"1881","G2A",35,1549,"Three","Forward"
"1882","G2C",35,95,"Three","Forward"
"1883","G2G",35,138477,"Three","Forward"
"1884","G2T",35,290,"Three","Forward"
"1885","T2A",35,459,"Three","Forward"
"1886","T2C",35,2978,"Three","Forward"
"1887","T2G",35,196,"Three","Forward"
"1888","T2T",35,273634,"Three","Forward"
"1889","A2A",36,264115,"Three","Forward"
"1890","A2C",36,403,"Three","Forward"
"1891","A2G",36,5357,"Three","Forward"
"1892","A2T",36,593,"Three","Forward"
"1893","C2A",36,198,"Three","Forward"
"1894","C2C",36,122837,"Three","Forward"
"1895","C2G",36,1075,"Three","Forward"
"1896","C2T",36,1539,"Three","Forward"
"1897","G2A",36,2016,"Three","Forward"
"1898","G2C",36,1184,"Three","Forward"
"1899","G2G",36,502944,"Three","Forward"
"1900","G2T",36,543,"Three","Forward"
"1901","T2A",36,1065,"Three","Forward"
"1902","T2C",36,7141,"Three","Forward"
"1903","T2G",36,827,"Three","Forward"
"1904","T2T",36,546391,"Three","Forward"
"1905","A2A",37,1561657,"Three","Forward"
"1906","A2C",37,1576,"Three","Forward"
"1907","A2G",37,9283,"Three","Forward"
"1908","A2T",37,2706,"Three","Forward"
"1909","C2A",37,1939,"Three","Forward"
"1910","C2C",37,1140210,"Three","Forward"
"1911","C2G",37,2681,"Three","Forward"
"1912","C2T",37,6378,"Three","Forward"
"1913","G2A",37,5991,"Three","Forward"
"1914","G2C",37,2833,"Three","Forward"
"1915","G2G",37,2337736,"Three","Forward"
"1916","G2T",37,2286,"Three","Forward"
"1917","T2A",37,3873,"Three","Forward"
"1918","T2C",37,19125,"Three","Forward"
"1919","T2G",37,3158,"Three","Forward"
"1920","T2T",37,3311487,"Three","Forward"
"1921","A2A",38,9377689,"Three","Forward"
"1922","A2C",38,1701,"Three","Forward"
"1923","A2G",38,8743,"Three","Forward"
"1924","A2T",38,3818,"Three","Forward"
"1925","C2A",38,1639,"Three","Forward"
"1926","C2C",38,5315228,"Three","Forward"
"1927","C2G",38,2238,"Three","Forward"
"1928","C2T",38,5556,"Three","Forward"
"1929","G2A",38,3440,"Three","Forward"
"1930","G2C",38,2801,"Three","Forward"
"1931","G2G",38,7304927,"Three","Forward"
"1932","G2T",38,2277,"Three","Forward"
"1933","T2A",38,4011,"Three","Forward"
"1934","T2C",38,15081,"Three","Forward"
"1935","T2G",38,3034,"Three","Forward"
"1936","T2T",38,6186737,"Three","Forward"
"1937","A2A",39,10834845,"Three","Forward"
"1938","A2C",39,2614,"Three","Forward"
"1939","A2G",39,6217,"Three","Forward"
"1940","A2T",39,6242,"Three","Forward"
"1941","C2A",39,2495,"Three","Forward"
"1942","C2C",39,8360293,"Three","Forward"
"1943","C2G",39,1989,"Three","Forward"
"1944","C2T",39,7539,"Three","Forward"
"1945","G2A",39,5548,"Three","Forward"
"1946","G2C",39,1733,"Three","Forward"
"1947","G2G",39,7781620,"Three","Forward"
"1948","G2T",39,4289,"Three","Forward"
"1949","T2A",39,5653,"Three","Forward"
"1950","T2C",39,15890,"Three","Forward"
"1951","T2G",39,2237,"Three","Forward"
"1952","T2T",39,29505974,"Three","Forward"
"1953","A2A",40,503,"Three","Forward"
"1954","A2C",40,0,"Three","Forward"
"1955","A2G",40,1,"Three","Forward"
"1956","A2T",40,0,"Three","Forward"
"1957","C2A",40,0,"Three","Forward"
"1958","C2C",40,463,"Three","Forward"
"1959","C2G",40,1,"Three","Forward"
"1960","C2T",40,6,"Three","Forward"
"1961","G2A",40,2,"Three","Forward"
"1962","G2C",40,0,"Three","Forward"
"1963","G2G",40,541,"Three","Forward"
"1964","G2T",40,3,"Three","Forward"
"1965","T2A",40,0,"Three","Forward"
"1966","T2C",40,7,"Three","Forward"
"1967","T2G",40,1,"Three","Forward"
"1968","T2T",40,1387,"Three","Forward"
"1969","A2A",0,0,"Four","Forward"
"1970","A2C",0,0,"Four","Forward"
"1971","A2G",0,0,"Four","Forward"
"1972","A2T",0,0,"Four","Forward"
"1973","C2A",0,0,"Four","Forward"
"1974","C2C",0,0,"Four","Forward"
"1975","C2G",0,0,"Four","Forward"
"1976","C2T",0,0,"Four","Forward"
"1977","G2A",0,0,"Four","Forward"
"1978","G2C",0,0,"Four","Forward"
"1979","G2G",0,0,"Four","Forward"
"1980","G2T",0,0,"Four","Forward"
"1981","T2A",0,0,"Four","Forward"
"1982","T2C",0,0,"Four","Forward"
"1983","T2G",0,0,"Four","Forward"
"1984","T2T",0,0,"Four","Forward"
"1985","A2A",1,0,"Four","Forward"
"1986","A2C",1,0,"Four","Forward"
"1987","A2G",1,0,"Four","Forward"
"1988","A2T",1,0,"Four","Forward"
"1989","C2A",1,0,"Four","Forward"
"1990","C2C",1,0,"Four","Forward"
"1991","C2G",1,0,"Four","Forward"
"1992","C2T",1,0,"Four","Forward"
"1993","G2A",1,0,"Four","Forward"
"1994","G2C",1,0,"Four","Forward"
"1995","G2G",1,0,"Four","Forward"
"1996","G2T",1,0,"Four","Forward"
"1997","T2A",1,0,"Four","Forward"
"1998","T2C",1,0,"Four","Forward"
"1999","T2G",1,0,"Four","Forward"
"2000","T2T",1,0,"Four","Forward"
"2001","A2A",2,0,"Four","Forward"
"2002","A2C",2,0,"Four","Forward"
"2003","A2G",2,0,"Four","Forward"
"2004","A2T",2,0,"Four","Forward"
"2005","C2A",2,0,"Four","Forward"
"2006","C2C",2,0,"Four","Forward"
"2007","C2G",2,0,"Four","Forward"
"2008","C2T",2,0,"Four","Forward"
"2009","G2A",2,0,"Four","Forward"
"2010","G2C",2,0,"Four","Forward"
"2011","G2G",2,0,"Four","Forward"
"2012","G2T",2,0,"Four","Forward"
"2013","T2A",2,0,"Four","Forward"
"2014","T2C",2,0,"Four","Forward"
"2015","T2G",2,0,"Four","Forward"
"2016","T2T",2,0,"Four","Forward"
"2017","A2A",3,0,"Four","Forward"
"2018","A2C",3,0,"Four","Forward"
"2019","A2G",3,0,"Four","Forward"
"2020","A2T",3,0,"Four","Forward"
"2021","C2A",3,0,"Four","Forward"
"2022","C2C",3,0,"Four","Forward"
"2023","C2G",3,0,"Four","Forward"
"2024","C2T",3,0,"Four","Forward"
"2025","G2A",3,0,"Four","Forward"
"2026","G2C",3,0,"Four","Forward"
"2027","G2G",3,0,"Four","Forward"
"2028","G2T",3,0,"Four","Forward"
"2029","T2A",3,0,"Four","Forward"
"2030","T2C",3,0,"Four","Forward"
"2031","T2G",3,0,"Four","Forward"
"2032","T2T",3,0,"Four","Forward"
"2033","A2A",4,0,"Four","Forward"
"2034","A2C",4,0,"Four","Forward"
"2035","A2G",4,0,"Four","Forward"
"2036","A2T",4,0,"Four","Forward"
"2037","C2A",4,0,"Four","Forward"
"2038","C2C",4,0,"Four","Forward"
"2039","C2G",4,0,"Four","Forward"
"2040","C2T",4,0,"Four","Forward"
"2041","G2A",4,0,"Four","Forward"
"2042","G2C",4,0,"Four","Forward"
"2043","G2G",4,0,"Four","Forward"
"2044","G2T",4,0,"Four","Forward"
"2045","T2A",4,0,"Four","Forward"
"2046","T2C",4,0,"Four","Forward"
"2047","T2G",4,0,"Four","Forward"
"2048","T2T",4,0,"Four","Forward"
"2049","A2A",5,0,"Four","Forward"
"2050","A2C",5,0,"Four","Forward"
"2051","A2G",5,0,"Four","Forward"
"2052","A2T",5,0,"Four","Forward"
"2053","C2A",5,0,"Four","Forward"
"2054","C2C",5,0,"Four","Forward"
"2055","C2G",5,0,"Four","Forward"
"2056","C2T",5,0,"Four","Forward"
"2057","G2A",5,0,"Four","Forward"
"2058","G2C",5,0,"Four","Forward"
"2059","G2G",5,0,"Four","Forward"
"2060","G2T",5,0,"Four","Forward"
"2061","T2A",5,0,"Four","Forward"
"2062","T2C",5,0,"Four","Forward"
"2063","T2G",5,0,"Four","Forward"
"2064","T2T",5,0,"Four","Forward"
"2065","A2A",6,0,"Four","Forward"
"2066","A2C",6,0,"Four","Forward"
"2067","A2G",6,0,"Four","Forward"
"2068","A2T",6,0,"Four","Forward"
"2069","C2A",6,0,"Four","Forward"
"2070","C2C",6,0,"Four","Forward"
"2071","C2G",6,0,"Four","Forward"
"2072","C2T",6,0,"Four","Forward"
"2073","G2A",6,0,"Four","Forward"
"2074","G2C",6,0,"Four","Forward"
"2075","G2G",6,0,"Four","Forward"
"2076","G2T",6,0,"Four","Forward"
"2077","T2A",6,0,"Four","Forward"
"2078","T2C",6,0,"Four","Forward"
"2079","T2G",6,0,"Four","Forward"
"2080","T2T",6,0,"Four","Forward"
"2081","A2A",7,0,"Four","Forward"
"2082","A2C",7,0,"Four","Forward"
"2083","A2G",7,0,"Four","Forward"
"2084","A2T",7,0,"Four","Forward"
"2085","C2A",7,0,"Four","Forward"
"2086","C2C",7,0,"Four","Forward"
"2087","C2G",7,0,"Four","Forward"
"2088","C2T",7,0,"Four","Forward"
"2089","G2A",7,0,"Four","Forward"
"2090","G2C",7,0,"Four","Forward"
"2091","G2G",7,0,"Four","Forward"
"2092","G2T",7,0,"Four","Forward"
"2093","T2A",7,0,"Four","Forward"
"2094","T2C",7,0,"Four","Forward"
"2095","T2G",7,0,"Four","Forward"
"2096","T2T",7,0,"Four","Forward"
"2097","A2A",8,0,"Four","Forward"
"2098","A2C",8,0,"Four","Forward"
"2099","A2G",8,0,"Four","Forward"
"2100","A2T",8,0,"Four","Forward"
"2101","C2A",8,0,"Four","Forward"
"2102","C2C",8,0,"Four","Forward"
"2103","C2G",8,0,"Four","Forward"
"2104","C2T",8,0,"Four","Forward"
"2105","G2A",8,0,"Four","Forward"
"2106","G2C",8,0,"Four","Forward"
"2107","G2G",8,0,"Four","Forward"
"2108","G2T",8,0,"Four","Forward"
"2109","T2A",8,0,"Four","Forward"
"2110","T2C",8,0,"Four","Forward"
"2111","T2G",8,0,"Four","Forward"
"2112","T2T",8,0,"Four","Forward"
"2113","A2A",9,0,"Four","Forward"
"2114","A2C",9,0,"Four","Forward"
"2115","A2G",9,0,"Four","Forward"
"2116","A2T",9,0,"Four","Forward"
"2117","C2A",9,0,"Four","Forward"
"2118","C2C",9,0,"Four","Forward"
"2119","C2G",9,0,"Four","Forward"
"2120","C2T",9,0,"Four","Forward"
"2121","G2A",9,0,"Four","Forward"
"2122","G2C",9,0,"Four","Forward"
"2123","G2G",9,0,"Four","Forward"
"2124","G2T",9,0,"Four","Forward"
"2125","T2A",9,0,"Four","Forward"
"2126","T2C",9,0,"Four","Forward"
"2127","T2G",9,0,"Four","Forward"
"2128","T2T",9,0,"Four","Forward"
"2129","A2A",10,0,"Four","Forward"
"2130","A2C",10,0,"Four","Forward"
"2131","A2G",10,0,"Four","Forward"
"2132","A2T",10,0,"Four","Forward"
"2133","C2A",10,0,"Four","Forward"
"2134","C2C",10,0,"Four","Forward"
"2135","C2G",10,0,"Four","Forward"
"2136","C2T",10,0,"Four","Forward"
"2137","G2A",10,0,"Four","Forward"
"2138","G2C",10,0,"Four","Forward"
"2139","G2G",10,0,"Four","Forward"
"2140","G2T",10,0,"Four","Forward"
"2141","T2A",10,0,"Four","Forward"
"2142","T2C",10,0,"Four","Forward"
"2143","T2G",10,0,"Four","Forward"
"2144","T2T",10,0,"Four","Forward"
"2145","A2A",11,0,"Four","Forward"
"2146","A2C",11,0,"Four","Forward"
"2147","A2G",11,0,"Four","Forward"
"2148","A2T",11,0,"Four","Forward"
"2149","C2A",11,0,"Four","Forward"
"2150","C2C",11,0,"Four","Forward"
"2151","C2G",11,0,"Four","Forward"
"2152","C2T",11,0,"Four","Forward"
"2153","G2A",11,0,"Four","Forward"
"2154","G2C",11,0,"Four","Forward"
"2155","G2G",11,0,"Four","Forward"
"2156","G2T",11,0,"Four","Forward"
"2157","T2A",11,0,"Four","Forward"
"2158","T2C",11,0,"Four","Forward"
"2159","T2G",11,0,"Four","Forward"
"2160","T2T",11,0,"Four","Forward"
"2161","A2A",12,275,"Four","Forward"
"2162","A2C",12,1,"Four","Forward"
"2163","A2G",12,445,"Four","Forward"
"2164","A2T",12,690,"Four","Forward"
"2165","C2A",12,2,"Four","Forward"
"2166","C2C",12,320,"Four","Forward"
"2167","C2G",12,87,"Four","Forward"
"2168","C2T",12,184,"Four","Forward"
"2169","G2A",12,99,"Four","Forward"
"2170","G2C",12,13,"Four","Forward"
"2171","G2G",12,1157,"Four","Forward"
"2172","G2T",12,88,"Four","Forward"
"2173","T2A",12,23,"Four","Forward"
"2174","T2C",12,58,"Four","Forward"
"2175","T2G",12,590,"Four","Forward"
"2176","T2T",12,1110,"Four","Forward"
"2177","A2A",13,1229,"Four","Forward"
"2178","A2C",13,7,"Four","Forward"
"2179","A2G",13,111,"Four","Forward"
"2180","A2T",13,883,"Four","Forward"
"2181","C2A",13,13,"Four","Forward"
"2182","C2C",13,2286,"Four","Forward"
"2183","C2G",13,16,"Four","Forward"
"2184","C2T",13,19,"Four","Forward"
"2185","G2A",13,16,"Four","Forward"
"2186","G2C",13,3,"Four","Forward"
"2187","G2G",13,207,"Four","Forward"
"2188","G2T",13,199,"Four","Forward"
"2189","T2A",13,24,"Four","Forward"
"2190","T2C",13,132,"Four","Forward"
"2191","T2G",13,302,"Four","Forward"
"2192","T2T",13,313,"Four","Forward"
"2193","A2A",14,794,"Four","Forward"
"2194","A2C",14,66,"Four","Forward"
"2195","A2G",14,113,"Four","Forward"
"2196","A2T",14,162,"Four","Forward"
"2197","C2A",14,25,"Four","Forward"
"2198","C2C",14,973,"Four","Forward"
"2199","C2G",14,31,"Four","Forward"
"2200","C2T",14,79,"Four","Forward"
"2201","G2A",14,12,"Four","Forward"
"2202","G2C",14,7,"Four","Forward"
"2203","G2G",14,1428,"Four","Forward"
"2204","G2T",14,153,"Four","Forward"
"2205","T2A",14,36,"Four","Forward"
"2206","T2C",14,201,"Four","Forward"
"2207","T2G",14,263,"Four","Forward"
"2208","T2T",14,763,"Four","Forward"
"2209","A2A",15,11571,"Four","Forward"
"2210","A2C",15,107,"Four","Forward"
"2211","A2G",15,107,"Four","Forward"
"2212","A2T",15,2060,"Four","Forward"
"2213","C2A",15,35,"Four","Forward"
"2214","C2C",15,7098,"Four","Forward"
"2215","C2G",15,169,"Four","Forward"
"2216","C2T",15,637,"Four","Forward"
"2217","G2A",15,234,"Four","Forward"
"2218","G2C",15,105,"Four","Forward"
"2219","G2G",15,2651,"Four","Forward"
"2220","G2T",15,628,"Four","Forward"
"2221","T2A",15,223,"Four","Forward"
"2222","T2C",15,556,"Four","Forward"
"2223","T2G",15,185,"Four","Forward"
"2224","T2T",15,3339,"Four","Forward"
"2225","A2A",16,9726,"Four","Forward"
"2226","A2C",16,177,"Four","Forward"
"2227","A2G",16,252,"Four","Forward"
"2228","A2T",16,498,"Four","Forward"
"2229","C2A",16,73,"Four","Forward"
"2230","C2C",16,4653,"Four","Forward"
"2231","C2G",16,52,"Four","Forward"
"2232","C2T",16,220,"Four","Forward"
"2233","G2A",16,146,"Four","Forward"
"2234","G2C",16,23,"Four","Forward"
"2235","G2G",16,2419,"Four","Forward"
"2236","G2T",16,432,"Four","Forward"
"2237","T2A",16,270,"Four","Forward"
"2238","T2C",16,770,"Four","Forward"
"2239","T2G",16,271,"Four","Forward"
"2240","T2T",16,3048,"Four","Forward"
"2241","A2A",17,4218,"Four","Forward"
"2242","A2C",17,135,"Four","Forward"
"2243","A2G",17,185,"Four","Forward"
"2244","A2T",17,165,"Four","Forward"
"2245","C2A",17,76,"Four","Forward"
"2246","C2C",17,2181,"Four","Forward"
"2247","C2G",17,7,"Four","Forward"
"2248","C2T",17,108,"Four","Forward"
"2249","G2A",17,92,"Four","Forward"
"2250","G2C",17,31,"Four","Forward"
"2251","G2G",17,1893,"Four","Forward"
"2252","G2T",17,354,"Four","Forward"
"2253","T2A",17,147,"Four","Forward"
"2254","T2C",17,363,"Four","Forward"
"2255","T2G",17,319,"Four","Forward"
"2256","T2T",17,2089,"Four","Forward"
"2257","A2A",18,4393,"Four","Forward"
"2258","A2C",18,201,"Four","Forward"
"2259","A2G",18,70,"Four","Forward"
"2260","A2T",18,123,"Four","Forward"
"2261","C2A",18,30,"Four","Forward"
"2262","C2C",18,2832,"Four","Forward"
"2263","C2G",18,19,"Four","Forward"
"2264","C2T",18,47,"Four","Forward"
"2265","G2A",18,118,"Four","Forward"
"2266","G2C",18,12,"Four","Forward"
"2267","G2G",18,1088,"Four","Forward"
"2268","G2T",18,86,"Four","Forward"
"2269","T2A",18,161,"Four","Forward"
"2270","T2C",18,367,"Four","Forward"
"2271","T2G",18,157,"Four","Forward"
"2272","T2T",18,1802,"Four","Forward"
"2273","A2A",19,4257,"Four","Forward"
"2274","A2C",19,140,"Four","Forward"
"2275","A2G",19,92,"Four","Forward"
"2276","A2T",19,236,"Four","Forward"
"2277","C2A",19,76,"Four","Forward"
"2278","C2C",19,1845,"Four","Forward"
"2279","C2G",19,20,"Four","Forward"
"2280","C2T",19,74,"Four","Forward"
"2281","G2A",19,65,"Four","Forward"
"2282","G2C",19,6,"Four","Forward"
"2283","G2G",19,256,"Four","Forward"
"2284","G2T",19,81,"Four","Forward"
"2285","T2A",19,183,"Four","Forward"
"2286","T2C",19,184,"Four","Forward"
"2287","T2G",19,85,"Four","Forward"
"2288","T2T",19,1959,"Four","Forward"
"2289","A2A",20,5207,"Four","Forward"
"2290","A2C",20,156,"Four","Forward"
"2291","A2G",20,70,"Four","Forward"
"2292","A2T",20,247,"Four","Forward"
"2293","C2A",20,113,"Four","Forward"
"2294","C2C",20,2962,"Four","Forward"
"2295","C2G",20,22,"Four","Forward"
"2296","C2T",20,107,"Four","Forward"
"2297","G2A",20,246,"Four","Forward"
"2298","G2C",20,38,"Four","Forward"
"2299","G2G",20,1838,"Four","Forward"
"2300","G2T",20,122,"Four","Forward"
"2301","T2A",20,190,"Four","Forward"
"2302","T2C",20,217,"Four","Forward"
"2303","T2G",20,154,"Four","Forward"
"2304","T2T",20,3580,"Four","Forward"
"2305","A2A",21,3730,"Four","Forward"
"2306","A2C",21,30,"Four","Forward"
"2307","A2G",21,0,"Four","Forward"
"2308","A2T",21,5,"Four","Forward"
"2309","C2A",21,43,"Four","Forward"
"2310","C2C",21,1006,"Four","Forward"
"2311","C2G",21,13,"Four","Forward"
"2312","C2T",21,4,"Four","Forward"
"2313","G2A",21,201,"Four","Forward"
"2314","G2C",21,10,"Four","Forward"
"2315","G2G",21,68,"Four","Forward"
"2316","G2T",21,18,"Four","Forward"
"2317","T2A",21,24,"Four","Forward"
"2318","T2C",21,16,"Four","Forward"
"2319","T2G",21,11,"Four","Forward"
"2320","T2T",21,121,"Four","Forward"
"2321","A2A",22,2365,"Four","Forward"
"2322","A2C",22,8,"Four","Forward"
"2323","A2G",22,2,"Four","Forward"
"2324","A2T",22,0,"Four","Forward"
"2325","C2A",22,84,"Four","Forward"
"2326","C2C",22,829,"Four","Forward"
"2327","C2G",22,14,"Four","Forward"
"2328","C2T",22,2,"Four","Forward"
"2329","G2A",22,138,"Four","Forward"
"2330","G2C",22,2,"Four","Forward"
"2331","G2G",22,102,"Four","Forward"
"2332","G2T",22,21,"Four","Forward"
"2333","T2A",22,119,"Four","Forward"
"2334","T2C",22,195,"Four","Forward"
"2335","T2G",22,28,"Four","Forward"
"2336","T2T",22,108,"Four","Forward"
"2337","A2A",23,2733,"Four","Forward"
"2338","A2C",23,69,"Four","Forward"
"2339","A2G",23,2,"Four","Forward"
"2340","A2T",23,13,"Four","Forward"
"2341","C2A",23,26,"Four","Forward"
"2342","C2C",23,867,"Four","Forward"
"2343","C2G",23,12,"Four","Forward"
"2344","C2T",23,8,"Four","Forward"
"2345","G2A",23,147,"Four","Forward"
"2346","G2C",23,15,"Four","Forward"
"2347","G2G",23,249,"Four","Forward"
"2348","G2T",23,27,"Four","Forward"
"2349","T2A",23,88,"Four","Forward"
"2350","T2C",23,33,"Four","Forward"
"2351","T2G",23,72,"Four","Forward"
"2352","T2T",23,115,"Four","Forward"
"2353","A2A",24,10459,"Four","Forward"
"2354","A2C",24,48,"Four","Forward"
"2355","A2G",24,13,"Four","Forward"
"2356","A2T",24,46,"Four","Forward"
"2357","C2A",24,37,"Four","Forward"
"2358","C2C",24,2477,"Four","Forward"
"2359","C2G",24,15,"Four","Forward"
"2360","C2T",24,51,"Four","Forward"
"2361","G2A",24,100,"Four","Forward"
"2362","G2C",24,43,"Four","Forward"
"2363","G2G",24,726,"Four","Forward"
"2364","G2T",24,41,"Four","Forward"
"2365","T2A",24,155,"Four","Forward"
"2366","T2C",24,660,"Four","Forward"
"2367","T2G",24,44,"Four","Forward"
"2368","T2T",24,1580,"Four","Forward"
"2369","A2A",25,13844,"Four","Forward"
"2370","A2C",25,69,"Four","Forward"
"2371","A2G",25,28,"Four","Forward"
"2372","A2T",25,32,"Four","Forward"
"2373","C2A",25,62,"Four","Forward"
"2374","C2C",25,3845,"Four","Forward"
"2375","C2G",25,112,"Four","Forward"
"2376","C2T",25,105,"Four","Forward"
"2377","G2A",25,230,"Four","Forward"
"2378","G2C",25,24,"Four","Forward"
"2379","G2G",25,1661,"Four","Forward"
"2380","G2T",25,61,"Four","Forward"
"2381","T2A",25,151,"Four","Forward"
"2382","T2C",25,590,"Four","Forward"
"2383","T2G",25,96,"Four","Forward"
"2384","T2T",25,2162,"Four","Forward"
"2385","A2A",26,6371,"Four","Forward"
"2386","A2C",26,34,"Four","Forward"
"2387","A2G",26,36,"Four","Forward"
"2388","A2T",26,135,"Four","Forward"
"2389","C2A",26,38,"Four","Forward"
"2390","C2C",26,3227,"Four","Forward"
"2391","C2G",26,114,"Four","Forward"
"2392","C2T",26,103,"Four","Forward"
"2393","G2A",26,46,"Four","Forward"
"2394","G2C",26,92,"Four","Forward"
"2395","G2G",26,3164,"Four","Forward"
"2396","G2T",26,90,"Four","Forward"
"2397","T2A",26,250,"Four","Forward"
"2398","T2C",26,1034,"Four","Forward"
"2399","T2G",26,148,"Four","Forward"
"2400","T2T",26,5200,"Four","Forward"
"2401","A2A",27,14762,"Four","Forward"
"2402","A2C",27,36,"Four","Forward"
"2403","A2G",27,85,"Four","Forward"
"2404","A2T",27,116,"Four","Forward"
"2405","C2A",27,93,"Four","Forward"
"2406","C2C",27,7975,"Four","Forward"
"2407","C2G",27,78,"Four","Forward"
"2408","C2T",27,85,"Four","Forward"
"2409","G2A",27,261,"Four","Forward"
"2410","G2C",27,87,"Four","Forward"
"2411","G2G",27,3943,"Four","Forward"
"2412","G2T",27,38,"Four","Forward"
"2413","T2A",27,346,"Four","Forward"
"2414","T2C",27,1820,"Four","Forward"
"2415","T2G",27,151,"Four","Forward"
"2416","T2T",27,4823,"Four","Forward"
"2417","A2A",28,7713,"Four","Forward"
"2418","A2C",28,59,"Four","Forward"
"2419","A2G",28,75,"Four","Forward"
"2420","A2T",28,171,"Four","Forward"
"2421","C2A",28,72,"Four","Forward"
"2422","C2C",28,6021,"Four","Forward"
"2423","C2G",28,39,"Four","Forward"
"2424","C2T",28,251,"Four","Forward"
"2425","G2A",28,278,"Four","Forward"
"2426","G2C",28,29,"Four","Forward"
"2427","G2G",28,3001,"Four","Forward"
"2428","G2T",28,88,"Four","Forward"
"2429","T2A",28,424,"Four","Forward"
"2430","T2C",28,1373,"Four","Forward"
"2431","T2G",28,143,"Four","Forward"
"2432","T2T",28,5657,"Four","Forward"
"2433","A2A",29,6455,"Four","Forward"
"2434","A2C",29,84,"Four","Forward"
"2435","A2G",29,42,"Four","Forward"
"2436","A2T",29,318,"Four","Forward"
"2437","C2A",29,23,"Four","Forward"
"2438","C2C",29,3517,"Four","Forward"
"2439","C2G",29,4,"Four","Forward"
"2440","C2T",29,216,"Four","Forward"
"2441","G2A",29,392,"Four","Forward"
"2442","G2C",29,85,"Four","Forward"
"2443","G2G",29,3597,"Four","Forward"
"2444","G2T",29,16,"Four","Forward"
"2445","T2A",29,380,"Four","Forward"
"2446","T2C",29,1592,"Four","Forward"
"2447","T2G",29,230,"Four","Forward"
"2448","T2T",29,4824,"Four","Forward"
"2449","A2A",30,9513,"Four","Forward"
"2450","A2C",30,16,"Four","Forward"
"2451","A2G",30,154,"Four","Forward"
"2452","A2T",30,122,"Four","Forward"
"2453","C2A",30,45,"Four","Forward"
"2454","C2C",30,6790,"Four","Forward"
"2455","C2G",30,30,"Four","Forward"
"2456","C2T",30,292,"Four","Forward"
"2457","G2A",30,263,"Four","Forward"
"2458","G2C",30,72,"Four","Forward"
"2459","G2G",30,6200,"Four","Forward"
"2460","G2T",30,236,"Four","Forward"
"2461","T2A",30,414,"Four","Forward"
"2462","T2C",30,1081,"Four","Forward"
"2463","T2G",30,222,"Four","Forward"
"2464","T2T",30,6905,"Four","Forward"
"2465","A2A",31,18286,"Four","Forward"
"2466","A2C",31,69,"Four","Forward"
"2467","A2G",31,226,"Four","Forward"
"2468","A2T",31,264,"Four","Forward"
"2469","C2A",31,43,"Four","Forward"
"2470","C2C",31,7813,"Four","Forward"
"2471","C2G",31,39,"Four","Forward"
"2472","C2T",31,386,"Four","Forward"
"2473","G2A",31,450,"Four","Forward"
"2474","G2C",31,66,"Four","Forward"
"2475","G2G",31,9203,"Four","Forward"
"2476","G2T",31,143,"Four","Forward"
"2477","T2A",31,543,"Four","Forward"
"2478","T2C",31,1222,"Four","Forward"
"2479","T2G",31,279,"Four","Forward"
"2480","T2T",31,9016,"Four","Forward"
"2481","A2A",32,16772,"Four","Forward"
"2482","A2C",32,79,"Four","Forward"
"2483","A2G",32,391,"Four","Forward"
"2484","A2T",32,422,"Four","Forward"
"2485","C2A",32,36,"Four","Forward"
"2486","C2C",32,12346,"Four","Forward"
"2487","C2G",32,89,"Four","Forward"
"2488","C2T",32,798,"Four","Forward"
"2489","G2A",32,926,"Four","Forward"
"2490","G2C",32,120,"Four","Forward"
"2491","G2G",32,17917,"Four","Forward"
"2492","G2T",32,112,"Four","Forward"
"2493","T2A",32,505,"Four","Forward"
"2494","T2C",32,3348,"Four","Forward"
"2495","T2G",32,327,"Four","Forward"
"2496","T2T",32,15068,"Four","Forward"
"2497","A2A",33,32140,"Four","Forward"
"2498","A2C",33,80,"Four","Forward"
"2499","A2G",33,1119,"Four","Forward"
"2500","A2T",33,892,"Four","Forward"
"2501","C2A",33,107,"Four","Forward"
"2502","C2C",33,19880,"Four","Forward"
"2503","C2G",33,118,"Four","Forward"
"2504","C2T",33,1036,"Four","Forward"
"2505","G2A",33,2331,"Four","Forward"
"2506","G2C",33,114,"Four","Forward"
"2507","G2G",33,18800,"Four","Forward"
"2508","G2T",33,262,"Four","Forward"
"2509","T2A",33,589,"Four","Forward"
"2510","T2C",33,4958,"Four","Forward"
"2511","T2G",33,284,"Four","Forward"
"2512","T2T",33,29124,"Four","Forward"
"2513","A2A",34,37124,"Four","Forward"
"2514","A2C",34,85,"Four","Forward"
"2515","A2G",34,2067,"Four","Forward"
"2516","A2T",34,665,"Four","Forward"
"2517","C2A",34,48,"Four","Forward"
"2518","C2C",34,28958,"Four","Forward"
"2519","C2G",34,80,"Four","Forward"
"2520","C2T",34,1340,"Four","Forward"
"2521","G2A",34,2786,"Four","Forward"
"2522","G2C",34,37,"Four","Forward"
"2523","G2G",34,40764,"Four","Forward"
"2524","G2T",34,154,"Four","Forward"
"2525","T2A",34,428,"Four","Forward"
"2526","T2C",34,5565,"Four","Forward"
"2527","T2G",34,450,"Four","Forward"
"2528","T2T",34,61107,"Four","Forward"
"2529","A2A",35,188622,"Four","Forward"
"2530","A2C",35,58,"Four","Forward"
"2531","A2G",35,5895,"Four","Forward"
"2532","A2T",35,434,"Four","Forward"
"2533","C2A",35,130,"Four","Forward"
"2534","C2C",35,44383,"Four","Forward"
"2535","C2G",35,99,"Four","Forward"
"2536","C2T",35,1621,"Four","Forward"
"2537","G2A",35,2324,"Four","Forward"
"2538","G2C",35,51,"Four","Forward"
"2539","G2G",35,502859,"Four","Forward"
"2540","G2T",35,248,"Four","Forward"
"2541","T2A",35,469,"Four","Forward"
"2542","T2C",35,11827,"Four","Forward"
"2543","T2G",35,328,"Four","Forward"
"2544","T2T",35,499231,"Four","Forward"
"2545","A2A",36,463904,"Four","Forward"
"2546","A2C",36,45,"Four","Forward"
"2547","A2G",36,7614,"Four","Forward"
"2548","A2T",36,380,"Four","Forward"
"2549","C2A",36,36,"Four","Forward"
"2550","C2C",36,605960,"Four","Forward"
"2551","C2G",36,51,"Four","Forward"
"2552","C2T",36,852,"Four","Forward"
"2553","G2A",36,980,"Four","Forward"
"2554","G2C",36,78,"Four","Forward"
"2555","G2G",36,105061,"Four","Forward"
"2556","G2T",36,144,"Four","Forward"
"2557","T2A",36,217,"Four","Forward"
"2558","T2C",36,14635,"Four","Forward"
"2559","T2G",36,262,"Four","Forward"
"2560","T2T",36,134652,"Four","Forward"
"2561","A2A",37,243983,"Four","Forward"
"2562","A2C",37,163,"Four","Forward"
"2563","A2G",37,3813,"Four","Forward"
"2564","A2T",37,463,"Four","Forward"
"2565","C2A",37,154,"Four","Forward"
"2566","C2C",37,525157,"Four","Forward"
"2567","C2G",37,201,"Four","Forward"
"2568","C2T",37,653,"Four","Forward"
"2569","G2A",37,930,"Four","Forward"
"2570","G2C",37,244,"Four","Forward"
"2571","G2G",37,1499359,"Four","Forward"
"2572","G2T",37,390,"Four","Forward"
"2573","T2A",37,674,"Four","Forward"
"2574","T2C",37,5331,"Four","Forward"
"2575","T2G",37,508,"Four","Forward"
"2576","T2T",37,691099,"Four","Forward"
"2577","A2A",38,3703758,"Four","Forward"
"2578","A2C",38,240,"Four","Forward"
"2579","A2G",38,2903,"Four","Forward"
"2580","A2T",38,542,"Four","Forward"
"2581","C2A",38,205,"Four","Forward"
"2582","C2C",38,2619815,"Four","Forward"
"2583","C2G",38,263,"Four","Forward"
"2584","C2T",38,644,"Four","Forward"
"2585","G2A",38,897,"Four","Forward"
"2586","G2C",38,321,"Four","Forward"
"2587","G2G",38,3328870,"Four","Forward"
"2588","G2T",38,626,"Four","Forward"
"2589","T2A",38,816,"Four","Forward"
"2590","T2C",38,3961,"Four","Forward"
"2591","T2G",38,1078,"Four","Forward"
"2592","T2T",38,3951979,"Four","Forward"
"2593","A2A",39,19587070,"Four","Forward"
"2594","A2C",39,472,"Four","Forward"
"2595","A2G",39,3807,"Four","Forward"
"2596","A2T",39,1405,"Four","Forward"
"2597","C2A",39,282,"Four","Forward"
"2598","C2C",39,11405270,"Four","Forward"
"2599","C2G",39,409,"Four","Forward"
"2600","C2T",39,1648,"Four","Forward"
"2601","G2A",39,1654,"Four","Forward"
"2602","G2C",39,460,"Four","Forward"
"2603","G2G",39,16957288,"Four","Forward"
"2604","G2T",39,1167,"Four","Forward"
"2605","T2A",39,1284,"Four","Forward"
"2606","T2C",39,7929,"Four","Forward"
"2607","T2G",39,1247,"Four","Forward"
"2608","T2T",39,50617023,"Four","Forward"
"2609","A2A",40,859,"Four","Forward"
"2610","A2C",40,0,"Four","Forward"
"2611","A2G",40,0,"Four","Forward"
"2612","A2T",40,0,"Four","Forward"
"2613","C2A",40,0,"Four","Forward"
"2614","C2C",40,1247,"Four","Forward"
"2615","C2G",40,0,"Four","Forward"
"2616","C2T",40,1,"Four","Forward"
"2617","G2A",40,1,"Four","Forward"
"2618","G2C",40,0,"Four","Forward"
"2619","G2G",40,2022,"Four","Forward"
"2620","G2T",40,0,"Four","Forward"
"2621","T2A",40,0,"Four","Forward"
"2622","T2C",40,9,"Four","Forward"
"2623","T2G",40,0,"Four","Forward"
"2624","T2T",40,5576,"Four","Forward"
