"","sample","hunting_mode","venom","webs","pred_length_mm","pred_log_length_mm","pred_log_mass_mg","sample_str","Class","Order","Family","reads","mean_prey_length_mm","mean_prey_mass_mg","min_prey_length_mm","min_prey_mass_mg","mean_prey_log_mass_mg","min_prey_log_mass_mg"
"1","CEN1","active","yes","no",20,1.30102999566398,0.767865750833383,"CEN","Insecta","Hymenoptera","Formicidae",4,4.21397802197802,7.86255394756462,0.62,0.01,0.895563638300606,-2
"2","CEN1","active","yes","no",20,1.30102999566398,0.767865750833383,"CEN","Collembola","Entomobryomorpha","Isotomidae",1,0.874603174603175,0.0382463892730159,0.5,0.004319689,-1.41740955901555,-2.364547519492
"3","CEN10","active","yes","no",21.7,1.33645973384853,0.863198434586916,"CEN","Collembola","Entomobryomorpha","Isotomidae",22,0.874603174603175,0.0382463892730159,0.5,0.004319689,-1.41740955901555,-2.364547519492
"4","CEN11","active","yes","no",37.7,1.57634135020579,1.50866067738855,"CEN","Collembola","Entomobryomorpha","Isotomidae",8,0.874603174603175,0.0382463892730159,0.5,0.004319689,-1.41740955901555,-2.364547519492
"5","CEN12","active","yes","no",30.1,1.47856649559384,1.24557266795376,"CEN","Collembola","Entomobryomorpha","Isotomidae",3,0.874603174603175,0.0382463892730159,0.5,0.004319689,-1.41740955901555,-2.364547519492
"6","CEN15","active","yes","no",29.2,1.46538285144842,1.21009873440426,"CEN","Collembola","Entomobryomorpha","Isotomidae",26,0.874603174603175,0.0382463892730159,0.5,0.004319689,-1.41740955901555,-2.364547519492
"7","CEN16","active","yes","no",23,1.36172783601759,0.931188663038161,"CEN","Insecta","Hymenoptera","Evaniidae",2,5.73428571428571,21.1781973771429,5.2,8.54,1.32588899153744,0.931457870689005
"8","CEN16","active","yes","no",23,1.36172783601759,0.931188663038161,"CEN","Collembola","Entomobryomorpha","Isotomidae",27,0.874603174603175,0.0382463892730159,0.5,0.004319689,-1.41740955901555,-2.364547519492
"9","CEN17","active","yes","no",15,1.17609125905568,0.431686437184391,"CEN","Collembola","Entomobryomorpha","Isotomidae",12,0.874603174603175,0.0382463892730159,0.5,0.004319689,-1.41740955901555,-2.364547519492
"10","CEN2","active","yes","no",22.4,1.35024801833416,0.900299306106928,"CEN","Collembola","Entomobryomorpha","Isotomidae",5,0.874603174603175,0.0382463892730159,0.5,0.004319689,-1.41740955901555,-2.364547519492
"11","CEN4","active","yes","no",38.4,1.58433122436753,1.53015945738867,"CEN","Collembola","Entomobryomorpha","Isotomidae",13,0.874603174603175,0.0382463892730159,0.5,0.004319689,-1.41740955901555,-2.364547519492
"12","CEN7","active","yes","no",16.9,1.22788670461367,0.571055201512625,"CEN","Collembola","Entomobryomorpha","Isotomidae",22,0.874603174603175,0.0382463892730159,0.5,0.004319689,-1.41740955901555,-2.364547519492
"13","CEN8","active","yes","no",19.3,1.28555730900777,0.726232568670693,"CEN","Collembola","Entomobryomorpha","Isotomidae",1,0.874603174603175,0.0382463892730159,0.5,0.004319689,-1.41740955901555,-2.364547519492
"14","CEN9","active","yes","no",27.7,1.44247976906445,1.14847219066524,"CEN","Collembola","Entomobryomorpha","Isotomidae",3,0.874603174603175,0.0382463892730159,0.5,0.004319689,-1.41740955901555,-2.364547519492
"15","EUB10","active","no","no",10.5,1.02118929906994,1.20919369300737,"EUB","Insecta","Orthoptera","Tettigoniidae",82,8.34349206349206,48.8377777777778,2.7,1.8,1.68875589440459,0.255272505103306
"16","EUB12","active","no","no",13.2,1.12057393120585,1.49489129537568,"EUB","Insecta","Orthoptera","Tettigoniidae",470,8.34349206349206,48.8377777777778,2.7,1.8,1.68875589440459,0.255272505103306
"17","EUB13","active","no","no",11.3,1.05307844348342,1.3008643256264,"EUB","Insecta","Orthoptera","Tettigoniidae",44,8.34349206349206,48.8377777777778,2.7,1.8,1.68875589440459,0.255272505103306
"18","EUB15","active","no","no",9.5,0.977723605288848,1.08424434991829,"EUB","Insecta","Orthoptera","Tettigoniidae",1,8.34349206349206,48.8377777777778,2.7,1.8,1.68875589440459,0.255272505103306
"19","EUB16","active","no","no",13.5,1.13033376849501,1.52294756577777,"EUB","Insecta","Orthoptera","Tettigoniidae",22,8.34349206349206,48.8377777777778,2.7,1.8,1.68875589440459,0.255272505103306
"20","EUB18","active","no","no",15.8,1.19865708695442,1.7193542722292,"EUB","Insecta","Diptera","Dolichopodidae",4,3.09866666666667,2.24059541093333,1.1,0.112311914,0.350363442138643,-0.949574171521178
"21","EUB18","active","no","no",15.8,1.19865708695442,1.7193542722292,"EUB","Insecta","Orthoptera","Tettigoniidae",1447,8.34349206349206,48.8377777777778,2.7,1.8,1.68875589440459,0.255272505103306
"22","EUB19","active","no","no",11.5,1.06069784035361,1.32276754517376,"EUB","Insecta","Orthoptera","Tettigoniidae",13,8.34349206349206,48.8377777777778,2.7,1.8,1.68875589440459,0.255272505103306
"23","EUB2","active","no","no",3.38,0.525815679952785,-0.214839904709636,"EUB","Insecta","Orthoptera","Tettigoniidae",2,8.34349206349206,48.8377777777778,2.7,1.8,1.68875589440459,0.255272505103306
"24","EUB20","active","no","no",7.5,0.8750612633917,0.789124427419396,"EUB","Insecta","Orthoptera","Tettigoniidae",2,8.34349206349206,48.8377777777778,2.7,1.8,1.68875589440459,0.255272505103306
"25","EUB3","active","no","no",6.8,0.831331704787019,0.66341656114791,"EUB","Insecta","Orthoptera","Tettigoniidae",86,8.34349206349206,48.8377777777778,2.7,1.8,1.68875589440459,0.255272505103306
"26","EUB35","active","no","no",10.5,1.02118929906994,1.20919369300737,"EUB","Insecta","Orthoptera","Tettigoniidae",2,8.34349206349206,48.8377777777778,2.7,1.8,1.68875589440459,0.255272505103306
"27","EUB4","active","no","no",4.05,0.606464378782443,0.0169981510799949,"EUB","Insecta","Orthoptera","Tettigoniidae",37,8.34349206349206,48.8377777777778,2.7,1.8,1.68875589440459,0.255272505103306
"28","EUB5","active","no","no",7.15,0.854210450067357,0.729185307596043,"EUB","Insecta","Orthoptera","Tettigoniidae",116,8.34349206349206,48.8377777777778,2.7,1.8,1.68875589440459,0.255272505103306
"29","EUB6","active","no","no",8.13333333333333,0.909040466266985,0.886803279604307,"EUB","Insecta","Orthoptera","Tettigoniidae",10,8.34349206349206,48.8377777777778,2.7,1.8,1.68875589440459,0.255272505103306
"30","EUB7","active","no","no",9.9,0.99563519459755,1.1357341830054,"EUB","Arachnida","Araneae","Pholcidae",5,1.45439024390244,0.887317073170732,0.94,0.08,-0.0519211619922707,-1.09691001300806
"31","EUB7","active","no","no",9.9,0.99563519459755,1.1357341830054,"EUB","Insecta","Hymenoptera","Formicidae",3,4.21397802197802,7.86255394756462,0.62,0.01,0.895563638300606,-2
"32","EUB7","active","no","no",9.9,0.99563519459755,1.1357341830054,"EUB","Insecta","Orthoptera","Tettigoniidae",235,8.34349206349206,48.8377777777778,2.7,1.8,1.68875589440459,0.255272505103306
"33","EUB8","active","no","no",9.65,0.983539867072247,1.10096415871117,"EUB","Insecta","Orthoptera","Tettigoniidae",56,8.34349206349206,48.8377777777778,2.7,1.8,1.68875589440459,0.255272505103306
"34","EUB9","active","no","no",11.2,1.04921802267018,1.28976690596733,"EUB","Arachnida","Araneae","Pholcidae",1,1.45439024390244,0.887317073170732,0.94,0.08,-0.0519211619922707,-1.09691001300806
"35","EUB9","active","no","no",11.2,1.04921802267018,1.28976690596733,"EUB","Insecta","Orthoptera","Tettigoniidae",246,8.34349206349206,48.8377777777778,2.7,1.8,1.68875589440459,0.255272505103306
"36","HEV01","active","yes","no",2.5,0.397010536282873,-0.397843192190397,"HEV","Collembola","Entomobryomorpha","Entomobryidae",2,0.874603174603175,0.0382463892730159,0.5,0.004319689,-1.41740955901555,-2.364547519492
"37","HEV02","active","yes","no",3.06666666666667,0.486011064165502,-0.170135541959823,"HEV","Insecta","Diptera","Platystomatidae",14,5.10625,18.37694906,3.4,0.95,1.26427341149028,-0.0222763947111523
"38","HEV02","active","yes","no",3.06666666666667,0.486011064165502,-0.170135541959823,"HEV","Insecta","Hymenoptera","Formicidae",3,4.21397802197802,7.86255394756462,0.62,0.01,0.895563638300606,-2
"39","HEV02","active","yes","no",3.06666666666667,0.486011064165502,-0.170135541959823,"HEV","Insecta","Psocoptera","Lepidopsocidae",2,2.07923076923077,0.471538461538462,1.57,0.16,-0.326482877788422,-0.795880017344075
"40","HEV02","active","yes","no",3.06666666666667,0.486011064165502,-0.170135541959823,"HEV","Collembola","Entomobryomorpha","Entomobryidae",12,0.874603174603175,0.0382463892730159,0.5,0.004319689,-1.41740955901555,-2.364547519492
"41","HEV04","active","yes","no",5.5,0.737459799215733,0.473195480607219,"HEV","Arachnida","Araneae","Theridiidae",3,1.90814285714286,3.17223142857143,0.5,0.063,0.50136486354001,-1.20065945054642
"42","HEV05","active","yes","no",2.86666666666667,0.454311543126717,-0.251238695175897,"HEV","Insecta","Diptera","Platystomatidae",4,5.10625,18.37694906,3.4,0.95,1.26427341149028,-0.0222763947111523
"43","HEV07","active","yes","no",15.5,1.19033169817029,1.63186721458159,"HEV","Arachnida","Araneae","Theridiidae",1,1.90814285714286,3.17223142857143,0.5,0.063,0.50136486354001,-1.20065945054642
"44","HEV07","active","yes","no",15.5,1.19033169817029,1.63186721458159,"HEV","Insecta","Orthoptera","Acrididae",1595,18.6428828828829,204.470900900901,2.58,2.27,2.31063151049799,0.356025857193123
"45","HEV10","active","yes","no",16.9,1.22788670461367,1.72795161402351,"HEV","Insecta","Orthoptera","Acrididae",60,18.6428828828829,204.470900900901,2.58,2.27,2.31063151049799,0.356025857193123
"46","HEV100","active","yes","no",16.7,1.22271647114758,1.7147235833397,"HEV","Insecta","Dermaptera","Anisolabididae",1,8.62896,14.33176,1.87,0.01,1.15629952684906,-2
"47","HEV100","active","yes","no",16.7,1.22271647114758,1.7147235833397,"HEV","Insecta","Diptera","Platystomatidae",54,5.10625,18.37694906,3.4,0.95,1.26427341149028,-0.0222763947111523
"48","HEV102","active","yes","no",12.2,1.08635983067475,1.36585542565471,"HEV","Insecta","Blattodea","Ectobiidae",2,4.88987012987013,11.6679307544377,1.1,0.09215336533,1.06699384305384,-1.03548880024348
"49","HEV103","active","yes","no",13.5,1.13033376849501,1.47836264657414,"HEV","Insecta","Blattodea","Ectobiidae",4,4.88987012987013,11.6679307544377,1.1,0.09215336533,1.06699384305384,-1.03548880024348
"50","HEV103","active","yes","no",13.5,1.13033376849501,1.47836264657414,"HEV","Insecta","Dermaptera","Anisolabididae",1,8.62896,14.33176,1.87,0.01,1.15629952684906,-2
"51","HEV104","active","yes","no",13.2,1.12057393120585,1.45339212484108,"HEV","Insecta","Diptera","Limoniidae",4,4.8,1.58446192533333,3.9,0.673871484,0.199881807542534,-0.171422921137534
"52","HEV104","active","yes","no",13.2,1.12057393120585,1.45339212484108,"HEV","Insecta","Diptera","Platystomatidae",1690,5.10625,18.37694906,3.4,0.95,1.26427341149028,-0.0222763947111523
"53","HEV105","active","yes","no",13.4,1.12710479836481,1.47010133376505,"HEV","Arachnida","Araneae","Salticidae",11,3.18924882629108,4.57773521126761,1.1,0.07,0.660650668283667,-1.15490195998574
"54","HEV105","active","yes","no",13.4,1.12710479836481,1.47010133376505,"HEV","Insecta","Blattodea","Ectobiidae",104,4.88987012987013,11.6679307544377,1.1,0.09215336533,1.06699384305384,-1.03548880024348
"55","HEV105","active","yes","no",13.4,1.12710479836481,1.47010133376505,"HEV","Insecta","Orthoptera","Mogoplistidae",7,5.40614035087719,9.16437280701754,1.6,0.1,0.962102747991965,-1
"56","HEV105","active","yes","no",13.4,1.12710479836481,1.47010133376505,"HEV","Insecta","Orthoptera","Tettigoniidae",9,8.34349206349206,48.8377777777778,2.7,1.8,1.68875589440459,0.255272505103306
"57","HEV107","active","yes","no",11.4,1.05690485133647,1.2904949273265,"HEV","Arachnida","Araneae","Salticidae",4,3.18924882629108,4.57773521126761,1.1,0.07,0.660650668283667,-1.15490195998574
"58","HEV108","active","yes","no",11.5,1.06069784035361,1.30019928118811,"HEV","Arachnida","Araneae","Salticidae",1,3.18924882629108,4.57773521126761,1.1,0.07,0.660650668283667,-1.15490195998574
"59","HEV108","active","yes","no",11.5,1.06069784035361,1.30019928118811,"HEV","Insecta","Blattodea","Ectobiidae",7,4.88987012987013,11.6679307544377,1.1,0.09215336533,1.06699384305384,-1.03548880024348
"60","HEV108","active","yes","no",11.5,1.06069784035361,1.30019928118811,"HEV","Insecta","Diptera","Platystomatidae",3875,5.10625,18.37694906,3.4,0.95,1.26427341149028,-0.0222763947111523
"61","HEV11","active","yes","no",17.6,1.24551266781415,1.77304760119253,"HEV","Arachnida","Sarcoptiformes","Acaridae",1,NA,0.003834,NA,0.000633,-2.41634789145796,-3.19859628998264
"62","HEV12","active","yes","no",17.8,1.25042000230889,1.78560300544999,"HEV","Insecta","Coleoptera","Elateridae",70,5.57,11.1425,2.17,0.47,1.04698264275821,-0.327902142064283
"63","HEV12","active","yes","no",17.8,1.25042000230889,1.78560300544999,"HEV","Insecta","Orthoptera","Acrididae",17,18.6428828828829,204.470900900901,2.58,2.27,2.31063151049799,0.356025857193123
"64","HEV14","active","yes","no",18.8,1.27415784926368,1.8463362334454,"HEV","Insecta","Blattodea","Blaberidae",11,6.33333333333333,28.7466788778551,2.6,1.088561628,1.45858767760528,0.0368530212895485
"65","HEV14","active","yes","no",18.8,1.27415784926368,1.8463362334454,"HEV","Insecta","Diptera","Platystomatidae",279,5.10625,18.37694906,3.4,0.95,1.26427341149028,-0.0222763947111523
"66","HEV15","active","yes","no",20.2,1.30535136944662,1.92614478461091,"HEV","Insecta","Orthoptera","Acrididae",34,18.6428828828829,204.470900900901,2.58,2.27,2.31063151049799,0.356025857193123
"67","HEV16","active","yes","no",20.9,1.32014628611105,1.96399754559068,"HEV","Insecta","Blattodea","Blaberidae",5,6.33333333333333,28.7466788778551,2.6,1.088561628,1.45858767760528,0.0368530212895485
"68","HEV16","active","yes","no",20.9,1.32014628611105,1.96399754559068,"HEV","Insecta","Orthoptera","Acrididae",1,18.6428828828829,204.470900900901,2.58,2.27,2.31063151049799,0.356025857193123
"69","HEV17","active","yes","no",21,1.32221929473392,1.96930133348554,"HEV","Insecta","Orthoptera","Acrididae",7,18.6428828828829,204.470900900901,2.58,2.27,2.31063151049799,0.356025857193123
"70","HEV18","active","yes","no",21.1,1.32428245529769,1.97457992514339,"HEV","Insecta","Blattodea","Blaberidae",42,6.33333333333333,28.7466788778551,2.6,1.088561628,1.45858767760528,0.0368530212895485
"71","HEV18","active","yes","no",21.1,1.32428245529769,1.97457992514339,"HEV","Insecta","Diptera","Platystomatidae",11,5.10625,18.37694906,3.4,0.95,1.26427341149028,-0.0222763947111523
"72","HEV18","active","yes","no",21.1,1.32428245529769,1.97457992514339,"HEV","Insecta","Orthoptera","Acrididae",17,18.6428828828829,204.470900900901,2.58,2.27,2.31063151049799,0.356025857193123
"73","HEV20","active","yes","no",21.4,1.33041377334919,1.99026688857538,"HEV","Insecta","Blattodea","Blaberidae",59,6.33333333333333,28.7466788778551,2.6,1.088561628,1.45858767760528,0.0368530212895485
"74","HEV20","active","yes","no",21.4,1.33041377334919,1.99026688857538,"HEV","Insecta","Orthoptera","Acrididae",6,18.6428828828829,204.470900900901,2.58,2.27,2.31063151049799,0.356025857193123
"75","HEV21","active","yes","no",22.1,1.34439227368511,2.02603085021657,"HEV","Insecta","Blattodea","Blaberidae",14,6.33333333333333,28.7466788778551,2.6,1.088561628,1.45858767760528,0.0368530212895485
"76","HEV21","active","yes","no",22.1,1.34439227368511,2.02603085021657,"HEV","Insecta","Orthoptera","Acrididae",105,18.6428828828829,204.470900900901,2.58,2.27,2.31063151049799,0.356025857193123
"77","HEV22","active","yes","no",22.6,1.3541084391474,2.0508896376789,"HEV","Insecta","Blattodea","Blaberidae",2,6.33333333333333,28.7466788778551,2.6,1.088561628,1.45858767760528,0.0368530212895485
"78","HEV23","active","yes","no",24.3,1.38560627359831,2.13147677621393,"HEV","Insecta","Orthoptera","Acrididae",4,18.6428828828829,204.470900900901,2.58,2.27,2.31063151049799,0.356025857193123
"79","HEV23","active","yes","no",24.3,1.38560627359831,2.13147677621393,"HEV","Arachnida","Sarcoptiformes","Pyroglyphidae",1,NA,0.003834,NA,0.000633,-2.41634789145796,-3.19859628998264
"80","HEV24","active","yes","no",24.3,1.38560627359831,2.13147677621393,"HEV","Insecta","Orthoptera","Acrididae",76,18.6428828828829,204.470900900901,2.58,2.27,2.31063151049799,0.356025857193123
"81","HEV25","active","yes","no",24.6,1.39093510710338,2.14511058474043,"HEV","Insecta","Orthoptera","Acrididae",20,18.6428828828829,204.470900900901,2.58,2.27,2.31063151049799,0.356025857193123
"82","HEV26","active","yes","no",24.7,1.39269695325967,2.14961826416504,"HEV","Insecta","Blattodea","Blaberidae",1,6.33333333333333,28.7466788778551,2.6,1.088561628,1.45858767760528,0.0368530212895485
"83","HEV26","active","yes","no",24.7,1.39269695325967,2.14961826416504,"HEV","Insecta","Orthoptera","Acrididae",46,18.6428828828829,204.470900900901,2.58,2.27,2.31063151049799,0.356025857193123
"84","HEV26","active","yes","no",24.7,1.39269695325967,2.14961826416504,"HEV","Insecta","Blattodea","Blattidae",1,5.10925110132159,14.2635995220937,1.1,0.09215336533,1.15422913668816,-1.03548880024348
"85","HEV27","active","yes","no",25.4,1.40483371661994,2.18067014590013,"HEV","Insecta","Blattodea","Blaberidae",12,6.33333333333333,28.7466788778551,2.6,1.088561628,1.45858767760528,0.0368530212895485
"86","HEV27","active","yes","no",25.4,1.40483371661994,2.18067014590013,"HEV","Insecta","Orthoptera","Acrididae",1,18.6428828828829,204.470900900901,2.58,2.27,2.31063151049799,0.356025857193123
"87","HEV29","active","yes","no",27.5,1.43933269383026,2.26893570142898,"HEV","Insecta","Orthoptera","Acrididae",9,18.6428828828829,204.470900900901,2.58,2.27,2.31063151049799,0.356025857193123
"88","HEV32","active","yes","no",3.73333333333333,0.568735180627323,0.0415139237800117,"HEV","Insecta","Diptera","Limoniidae",4,4.8,1.58446192533333,3.9,0.673871484,0.199881807542534,-0.171422921137534
"89","HEV34","active","yes","no",5.1,0.707235974814652,0.395867893916634,"HEV","Insecta","Hymenoptera","Formicidae",3,4.21397802197802,7.86255394756462,0.62,0.01,0.895563638300606,-2
"90","HEV34","active","yes","no",5.1,0.707235974814652,0.395867893916634,"HEV","Insecta","Lepidoptera","Tineidae",2,5.0012,3.927654735332,3.3,0.7833036053,0.594133303674352,-0.106069874531959
"91","HEV38","active","yes","no",3.23333333333333,0.508261816440407,-0.113207042355157,"HEV","Insecta","Lepidoptera","Agonoxenidae",7,4.36037735849057,2.17675142143396,3,0.77754402,0.337808836728986,-0.109275014388689
"92","HEV38","active","yes","no",3.23333333333333,0.508261816440407,-0.113207042355157,"HEV","Insecta","Psocoptera","Ectopsocidae",12,2.04423076923077,0.758461538461538,1.12,0.11,-0.120066437365626,-0.958607314841775
"93","HEV39","active","yes","no",3.86666666666667,0.587108774140485,0.0885227214209796,"HEV","Insecta","Lepidoptera","Agonoxenidae",8,4.36037735849057,2.17675142143396,3,0.77754402,0.337808836728986,-0.109275014388689
"94","HEV40","active","yes","no",4.45,0.648332595130765,0.245163729598133,"HEV","Insecta","Orthoptera","Mogoplistidae",18,5.40614035087719,9.16437280701754,1.6,0.1,0.962102747991965,-1
"95","HEV40","active","yes","no",4.45,0.648332595130765,0.245163729598133,"HEV","Insecta","Orthoptera","Tettigoniidae",1,8.34349206349206,48.8377777777778,2.7,1.8,1.68875589440459,0.255272505103306
"96","HEV42","active","yes","no",17.5,1.24303804868629,1.76671629372475,"HEV","Insecta","Orthoptera","Mogoplistidae",1,5.40614035087719,9.16437280701754,1.6,0.1,0.962102747991965,-1
"97","HEV49","active","yes","no",12.7,1.10380372095596,1.41048557966967,"HEV","Insecta","Blattodea","Blaberidae",4,6.33333333333333,28.7466788778551,2.6,1.088561628,1.45858767760528,0.0368530212895485
"98","HEV50","active","yes","no",9.6,0.982271233039568,1.09954498292835,"HEV","Arachnida","Araneae","Salticidae",54,3.18924882629108,4.57773521126761,1.1,0.07,0.660650668283667,-1.15490195998574
"99","HEV67","active","yes","no",19.1,1.28103336724773,1.86392723072949,"HEV","Arachnida","Sarcoptiformes","Suidasiidae",14,NA,0.003834,NA,0.000633,-2.41634789145796,-3.19859628998264
"100","HEV68","active","yes","no",13.2,1.12057393120585,1.45339212484108,"HEV","Insecta","Orthoptera","Mogoplistidae",1,5.40614035087719,9.16437280701754,1.6,0.1,0.962102747991965,-1
"101","HEV70","active","yes","no",17.7,1.24797326636181,1.77934303703744,"HEV","Insecta","Diptera","Platystomatidae",8,5.10625,18.37694906,3.4,0.95,1.26427341149028,-0.0222763947111523
"102","HEV71","active","yes","no",21.2,1.32633586092875,1.97983355882785,"HEV","Insecta","Blattodea","Blattidae",336,5.10925110132159,14.2635995220937,1.1,0.09215336533,1.15422913668816,-1.03548880024348
"103","HEV76","active","yes","no",16.2,1.20951501454263,1.68094768633492,"HEV","Insecta","Orthoptera","Mogoplistidae",21,5.40614035087719,9.16437280701754,1.6,0.1,0.962102747991965,-1
"104","HEV79","active","yes","no",18.4,1.26481782300954,1.82243979730035,"HEV","Insecta","Diptera","Culicidae",8,4.698,2.75359427654857,1.81,0.18,0.439899950286668,-0.744727494896694
"105","HEV81","active","yes","no",16,1.20411998265592,1.66714450939803,"HEV","Arachnida","Araneae","Salticidae",69,3.18924882629108,4.57773521126761,1.1,0.07,0.660650668283667,-1.15490195998574
"106","HEV81","active","yes","no",16,1.20411998265592,1.66714450939803,"HEV","Arachnida","Araneae","Theridiidae",7,1.90814285714286,3.17223142857143,0.5,0.063,0.50136486354001,-1.20065945054642
"107","HEV81","active","yes","no",16,1.20411998265592,1.66714450939803,"HEV","Insecta","Blattodea","Blaberidae",295,6.33333333333333,28.7466788778551,2.6,1.088561628,1.45858767760528,0.0368530212895485
"108","HEV81","active","yes","no",16,1.20411998265592,1.66714450939803,"HEV","Insecta","Blattodea","Ectobiidae",14,4.88987012987013,11.6679307544377,1.1,0.09215336533,1.06699384305384,-1.03548880024348
"109","HEV81","active","yes","no",16,1.20411998265592,1.66714450939803,"HEV","Insecta","Hemiptera","Coccidae",3,1.3,0.1028373961265,0.8,0.0207345072,-0.987848928355599,-1.68330628211641
"110","HEV81","active","yes","no",16,1.20411998265592,1.66714450939803,"HEV","Insecta","Hymenoptera","Formicidae",2,4.21397802197802,7.86255394756462,0.62,0.01,0.895563638300606,-2
"111","HEV81","active","yes","no",16,1.20411998265592,1.66714450939803,"HEV","Insecta","Orthoptera","Mogoplistidae",4,5.40614035087719,9.16437280701754,1.6,0.1,0.962102747991965,-1
"112","HEV89","active","yes","no",23.8,1.37657695705651,2.10837529016845,"HEV","Insecta","Orthoptera","Tettigoniidae",4,8.34349206349206,48.8377777777778,2.7,1.8,1.68875589440459,0.255272505103306
"113","HEV90","active","yes","no",14.1,1.14921911265538,1.52668075709395,"HEV","Insecta","Odonata","Libellulidae",2,43.7928947368421,270.129473684211,23.37,44.96,2.43157197241431,1.652826302561
"114","HEV92","active","yes","no",20.5,1.31175386105575,1.94252554497964,"HEV","Arachnida","Araneae","Salticidae",308,3.18924882629108,4.57773521126761,1.1,0.07,0.660650668283667,-1.15490195998574
"115","HEV92","active","yes","no",20.5,1.31175386105575,1.94252554497964,"HEV","Insecta","Blattodea","Blaberidae",268,6.33333333333333,28.7466788778551,2.6,1.088561628,1.45858767760528,0.0368530212895485
"116","HEV92","active","yes","no",20.5,1.31175386105575,1.94252554497964,"HEV","Insecta","Dermaptera","Anisolabididae",1982,8.62896,14.33176,1.87,0.01,1.15629952684906,-2
"117","HEV93","active","yes","no",10.2,1.00860017176192,1.16690751337803,"HEV","Insecta","Dermaptera","Anisolabididae",5,8.62896,14.33176,1.87,0.01,1.15629952684906,-2
"118","HEV95","active","yes","no",13.4,1.12710479836481,1.47010133376505,"HEV","Insecta","Blattodea","Ectobiidae",1,4.88987012987013,11.6679307544377,1.1,0.09215336533,1.06699384305384,-1.03548880024348
"119","HEV95","active","yes","no",13.4,1.12710479836481,1.47010133376505,"HEV","Insecta","Dermaptera","Anisolabididae",28,8.62896,14.33176,1.87,0.01,1.15629952684906,-2
"120","HEV96","active","yes","no",15.9,1.20139712432045,1.66017808247639,"HEV","Chilopoda","Geophilomorpha","Mecistocephalidae",2,15.0241666666667,4.18166666666667,7.47,0.36,0.621349410930967,-0.443697499232713
"121","HEV96","active","yes","no",15.9,1.20139712432045,1.66017808247639,"HEV","Insecta","Dermaptera","Anisolabididae",87,8.62896,14.33176,1.87,0.01,1.15629952684906,-2
"122","HEV96","active","yes","no",15.9,1.20139712432045,1.66017808247639,"HEV","Insecta","Diptera","Platystomatidae",57,5.10625,18.37694906,3.4,0.95,1.26427341149028,-0.0222763947111523
"123","HEV96","active","yes","no",15.9,1.20139712432045,1.66017808247639,"HEV","Insecta","Lepidoptera","Tineidae",2,5.0012,3.927654735332,3.3,0.7833036053,0.594133303674352,-0.106069874531959
"124","HEV98","active","yes","no",22.2,1.34635297445064,2.03104729871126,"HEV","Insecta","Blattodea","Blattidae",123,5.10925110132159,14.2635995220937,1.1,0.09215336533,1.15422913668816,-1.03548880024348
"125","LRS2","active","yes","no",1.95,0.270696342579113,-0.341892694348313,"LRS","Arachnida","Araneae","Salticidae",4,3.18924882629108,4.57773521126761,1.1,0.07,0.660650668283667,-1.15490195998574
"126","LRS6","active","yes","no",1.23333333333333,0.0850908350344353,-0.764411761247084,"LRS","Arachnida","Araneae","Oxyopidae",4,5.15010526315789,11.7303684210526,1.57,0.34,1.0693116524154,-0.468521082957745
"127","LRS6","active","yes","no",1.23333333333333,0.0850908350344353,-0.764411761247084,"LRS","Arachnida","Araneae","Pholcidae",229,1.45439024390244,0.887317073170732,0.94,0.08,-0.0519211619922707,-1.09691001300806
"128","LRS6","active","yes","no",1.23333333333333,0.0850908350344353,-0.764411761247084,"LRS","Insecta","Lepidoptera","Crambidae",9,7.89,17.597491452,6,8.81216556,1.24545076291634,0.945082647933903
"129","LRS7","active","yes","no",1.92,0.281585540784119,-0.31710413109004,"LRS","Arachnida","Araneae","Salticidae",11,3.18924882629108,4.57773521126761,1.1,0.07,0.660650668283667,-1.15490195998574
"130","LRS8","active","yes","no",1.825,0.258442361239257,-0.369788099123758,"LRS","Insecta","Lepidoptera","Tineidae",25,5.0012,3.927654735332,3.3,0.7833036053,0.594133303674352,-0.106069874531959
"131","NEO1","not_active","yes","yes",1.75,0.236388479606178,-0.226602039369417,"NEO","Insecta","Hymenoptera","Formicidae",4,4.21397802197802,7.86255394756462,0.62,0.01,0.895563638300606,-2
"132","NEO10","not_active","yes","yes",2.77777777777778,0.439202388192195,0.221509114759515,"NEO","Insecta","Diptera","Chloropidae",7,1.889,0.48770875824,1.2,0.0829380288,-0.311839445308269,-1.08124629078845
"133","NEO10","not_active","yes","yes",2.77777777777778,0.439202388192195,0.221509114759515,"NEO","Insecta","Hymenoptera","Formicidae",17,4.21397802197802,7.86255394756462,0.62,0.01,0.895563638300606,-2
"134","NEO11","not_active","yes","yes",4.46,0.648214833035809,0.683315745967249,"NEO","Insecta","Lepidoptera","Agonoxenidae",24,4.36037735849057,2.17675142143396,3,0.77754402,0.337808836728986,-0.109275014388689
"135","NEO11","not_active","yes","yes",4.46,0.648214833035809,0.683315745967249,"NEO","Insecta","Lepidoptera","Tineidae",18,5.0012,3.927654735332,3.3,0.7833036053,0.594133303674352,-0.106069874531959
"136","NEO11","not_active","yes","yes",4.46,0.648214833035809,0.683315745967249,"NEO","Insecta","Orthoptera","Mogoplistidae",7,5.40614035087719,9.16437280701754,1.6,0.1,0.962102747991965,-1
"137","NEO12","not_active","yes","yes",4.96666666666667,0.696045362900184,0.788995844977978,"NEO","Insecta","Diptera","Chloropidae",3,1.889,0.48770875824,1.2,0.0829380288,-0.311839445308269,-1.08124629078845
"138","NEO12","not_active","yes","yes",4.96666666666667,0.696045362900184,0.788995844977978,"NEO","Insecta","Lepidoptera","Agonoxenidae",2,4.36037735849057,2.17675142143396,3,0.77754402,0.337808836728986,-0.109275014388689
"139","NEO12","not_active","yes","yes",4.96666666666667,0.696045362900184,0.788995844977978,"NEO","Insecta","Lepidoptera","Crambidae",4,7.89,17.597491452,6,8.81216556,1.24545076291634,0.945082647933903
"140","NEO13","not_active","yes","yes",5.2,0.716003343634799,0.833092395571689,"NEO","Insecta","Diptera","Chloropidae",7,1.889,0.48770875824,1.2,0.0829380288,-0.311839445308269,-1.08124629078845
"141","NEO13","not_active","yes","yes",5.2,0.716003343634799,0.833092395571689,"NEO","Insecta","Lepidoptera","Agonoxenidae",8,4.36037735849057,2.17675142143396,3,0.77754402,0.337808836728986,-0.109275014388689
"142","NEO14","not_active","yes","yes",6.23333333333333,0.793142935747236,1.00352997498395,"NEO","Insecta","Diptera","Chloropidae",11,1.889,0.48770875824,1.2,0.0829380288,-0.311839445308269,-1.08124629078845
"143","NEO14","not_active","yes","yes",6.23333333333333,0.793142935747236,1.00352997498395,"NEO","Insecta","Diptera","Limoniidae",3,4.8,1.58446192533333,3.9,0.673871484,0.199881807542534,-0.171422921137534
"144","NEO14","not_active","yes","yes",6.23333333333333,0.793142935747236,1.00352997498395,"NEO","Insecta","Hymenoptera","Formicidae",28,4.21397802197802,7.86255394756462,0.62,0.01,0.895563638300606,-2
"145","NEO14","not_active","yes","yes",6.23333333333333,0.793142935747236,1.00352997498395,"NEO","Insecta","Lepidoptera","Agonoxenidae",7,4.36037735849057,2.17675142143396,3,0.77754402,0.337808836728986,-0.109275014388689
"146","NEO14","not_active","yes","yes",6.23333333333333,0.793142935747236,1.00352997498395,"NEO","Insecta","Orthoptera","Mogoplistidae",97,5.40614035087719,9.16437280701754,1.6,0.1,0.962102747991965,-1
"147","NEO15","not_active","yes","yes",9,0.954242509439325,1.35947457661477,"NEO","Insecta","Diptera","Chloropidae",10,1.889,0.48770875824,1.2,0.0829380288,-0.311839445308269,-1.08124629078845
"148","NEO16","not_active","yes","yes",8.8,0.944482672150169,1.33791051336957,"NEO","Insecta","Lepidoptera","Crambidae",1,7.89,17.597491452,6,8.81216556,1.24545076291634,0.945082647933903
"149","NEO16","not_active","yes","yes",8.8,0.944482672150169,1.33791051336957,"NEO","Insecta","Orthoptera","Mogoplistidae",13,5.40614035087719,9.16437280701754,1.6,0.1,0.962102747991965,-1
"150","NEO17","not_active","yes","yes",4.55,0.653533975330649,0.695068228868124,"NEO","Insecta","Coleoptera","Staphylinidae",26,3.20134615384615,0.949506152627885,0.8,0.0176,-0.0225022167682672,-1.75448733218585
"151","NEO17","not_active","yes","yes",4.55,0.653533975330649,0.695068228868124,"NEO","Insecta","Diptera","Ceratopogonidae",5,1.02307692307692,0.0649170492511539,0.7,0.01843067307,-1.1876412288807,-1.73445880448524
"152","NEO17","not_active","yes","yes",4.55,0.653533975330649,0.695068228868124,"NEO","Insecta","Diptera","Lonchaeidae",6,3.2,1.917941916,3,1.606924308,0.282835450622624,0.205995420389902
"153","NEO17","not_active","yes","yes",4.55,0.653533975330649,0.695068228868124,"NEO","Insecta","Diptera","Sciaridae",28,2.15230769230769,0.566127952984615,1,0.051836268,-0.247085400976103,-1.28536627344437
"154","NEO17","not_active","yes","yes",4.55,0.653533975330649,0.695068228868124,"NEO","Insecta","Hymenoptera","Formicidae",6,4.21397802197802,7.86255394756462,0.62,0.01,0.895563638300606,-2
"155","NEO17","not_active","yes","yes",4.55,0.653533975330649,0.695068228868124,"NEO","Insecta","Psocoptera","Ectopsocidae",7,2.04423076923077,0.758461538461538,1.12,0.11,-0.120066437365626,-0.958607314841775
"156","NEO18","not_active","yes","yes",5.65,0.752031441339346,0.912695380179656,"NEO","Insecta","Coleoptera","Coccinellidae",6,2.39113636363636,3.06142378315148,0.9,0.038877201,0.485923451761701,-1.41030501005267
"157","NEO18","not_active","yes","yes",5.65,0.752031441339346,0.912695380179656,"NEO","Insecta","Diptera","Chloropidae",2,1.889,0.48770875824,1.2,0.0829380288,-0.311839445308269,-1.08124629078845
"158","NEO18","not_active","yes","yes",5.65,0.752031441339346,0.912695380179656,"NEO","Insecta","Hymenoptera","Formicidae",98,4.21397802197802,7.86255394756462,0.62,0.01,0.895563638300606,-2
"159","NEO18","not_active","yes","yes",5.65,0.752031441339346,0.912695380179656,"NEO","Insecta","Lepidoptera","Agonoxenidae",7,4.36037735849057,2.17675142143396,3,0.77754402,0.337808836728986,-0.109275014388689
"160","NEO19","not_active","yes","yes",5.75,0.759651424617714,0.92953150115932,"NEO","Insecta","Diptera","Sciaridae",13,2.15230769230769,0.566127952984615,1,0.051836268,-0.247085400976103,-1.28536627344437
"161","NEO19","not_active","yes","yes",5.75,0.759651424617714,0.92953150115932,"NEO","Insecta","Diptera","Stratiomyidae",6,8.17166666666667,19.3143328753333,3.87,3.81,1.2858797120374,0.580924975675619
"162","NEO19","not_active","yes","yes",5.75,0.759651424617714,0.92953150115932,"NEO","Insecta","Hymenoptera","Formicidae",441,4.21397802197802,7.86255394756462,0.62,0.01,0.895563638300606,-2
"163","NEO19","not_active","yes","yes",5.75,0.759651424617714,0.92953150115932,"NEO","Insecta","Lepidoptera","Agonoxenidae",1,4.36037735849057,2.17675142143396,3,0.77754402,0.337808836728986,-0.109275014388689
"164","NEO20","not_active","yes","yes",6.2,0.7918826841425,1.00074548744545,"NEO","Insecta","Diptera","Sciaridae",102,2.15230769230769,0.566127952984615,1,0.051836268,-0.247085400976103,-1.28536627344437
"165","NEO20","not_active","yes","yes",6.2,0.7918826841425,1.00074548744545,"NEO","Insecta","Hymenoptera","Formicidae",6,4.21397802197802,7.86255394756462,0.62,0.01,0.895563638300606,-2
"166","NEO20","not_active","yes","yes",6.2,0.7918826841425,1.00074548744545,"NEO","Insecta","Lepidoptera","Crambidae",13,7.89,17.597491452,6,8.81216556,1.24545076291634,0.945082647933903
"167","NEO21","not_active","yes","yes",6.7,0.826026424124052,1.07618504105438,"NEO","Insecta","Coleoptera","Elateridae",3677,5.57,11.1425,2.17,0.47,1.04698264275821,-0.327902142064283
"168","NEO21","not_active","yes","yes",6.7,0.826026424124052,1.07618504105438,"NEO","Insecta","Lepidoptera","Agonoxenidae",1,4.36037735849057,2.17675142143396,3,0.77754402,0.337808836728986,-0.109275014388689
"169","NEO22","not_active","yes","yes",7.4,0.869192061756078,1.17155820275149,"NEO","Insecta","Diptera","Lonchaeidae",11,3.2,1.917941916,3,1.606924308,0.282835450622624,0.205995420389902
"170","NEO22","not_active","yes","yes",7.4,0.869192061756078,1.17155820275149,"NEO","Insecta","Diptera","Sciaridae",47,2.15230769230769,0.566127952984615,1,0.051836268,-0.247085400976103,-1.28536627344437
"171","NEO22","not_active","yes","yes",7.4,0.869192061756078,1.17155820275149,"NEO","Insecta","Hymenoptera","Formicidae",3,4.21397802197802,7.86255394756462,0.62,0.01,0.895563638300606,-2
"172","NEO24","not_active","yes","yes",8.1,0.90848501887865,1.25837479480917,"NEO","Insecta","Diptera","Limoniidae",10,4.8,1.58446192533333,3.9,0.673871484,0.199881807542534,-0.171422921137534
"173","NEO24","not_active","yes","yes",8.1,0.90848501887865,1.25837479480917,"NEO","Insecta","Lepidoptera","Crambidae",1,7.89,17.597491452,6,8.81216556,1.24545076291634,0.945082647933903
"174","NEO24","not_active","yes","yes",8.1,0.90848501887865,1.25837479480917,"NEO","Insecta","Coleoptera","Hydrophilidae",29,3.06643067846608,2.52546658455416,0.8,0.0176,0.402341626564565,-1.75448733218585
"175","NEO26","not_active","yes","yes",9.3,0.968482948553935,1.39093839313229,"NEO","Insecta","Hymenoptera","Formicidae",693,4.21397802197802,7.86255394756462,0.62,0.01,0.895563638300606,-2
"176","NEO4","not_active","yes","yes",6.7,0.826074802700826,1.07629193204635,"NEO","Insecta","Diptera","Agromyzidae",12,1.2,0.153780928433333,1.1,0.1013687019,-0.813097521424983,-0.994096114926736
"177","NEO4","not_active","yes","yes",6.7,0.826074802700826,1.07629193204635,"NEO","Insecta","Diptera","Dolichopodidae",14,3.09866666666667,2.24059541093333,1.1,0.112311914,0.350363442138643,-0.949574171521178
"178","NEO4","not_active","yes","yes",6.7,0.826074802700826,1.07629193204635,"NEO","Insecta","Hemiptera","Aleyrodidae",2,1.55205479452055,0.186634234326849,0.7,0.0466526412,-0.72900869062403,-1.33112376400505
"179","NEO5","not_active","yes","yes",1.79090909090909,0.218039851915315,-0.267142773427346,"NEO","Insecta","Coleoptera","Curculionidae",8,3.24892086330935,2.86934704585058,1,0.02534217547,0.457783079086971,-1.59615610634038
"180","NEO5","not_active","yes","yes",1.79090909090909,0.218039851915315,-0.267142773427346,"NEO","Insecta","Diptera","Chloropidae",68,1.889,0.48770875824,1.2,0.0829380288,-0.311839445308269,-1.08124629078845
"181","NEO5","not_active","yes","yes",1.79090909090909,0.218039851915315,-0.267142773427346,"NEO","Insecta","Diptera","Sciaridae",2,2.15230769230769,0.566127952984615,1,0.051836268,-0.247085400976103,-1.28536627344437
"182","NEO5","not_active","yes","yes",1.79090909090909,0.218039851915315,-0.267142773427346,"NEO","Insecta","Orthoptera","Tettigoniidae",1,8.34349206349206,48.8377777777778,2.7,1.8,1.68875589440459,0.255272505103306
"183","NEO5","not_active","yes","yes",1.79090909090909,0.218039851915315,-0.267142773427346,"NEO","Collembola","Entomobryomorpha","Entomobryidae",7,0.874603174603175,0.0382463892730159,0.5,0.004319689,-1.41740955901555,-2.364547519492
"184","NEO6","not_active","yes","yes",4.03333333333333,0.603590003744788,0.584718544740662,"NEO","Insecta","Diptera","Chloropidae",75,1.889,0.48770875824,1.2,0.0829380288,-0.311839445308269,-1.08124629078845
"185","NEO7","not_active","yes","yes",5.5,0.739161314737969,0.884259227425947,"NEO","Insecta","Diptera","Chloropidae",6,1.889,0.48770875824,1.2,0.0829380288,-0.311839445308269,-1.08124629078845
"186","NEO7","not_active","yes","yes",5.5,0.739161314737969,0.884259227425947,"NEO","Insecta","Diptera","Platystomatidae",652,5.10625,18.37694906,3.4,0.95,1.26427341149028,-0.0222763947111523
"187","NEO7","not_active","yes","yes",5.5,0.739161314737969,0.884259227425947,"NEO","Insecta","Diptera","Stratiomyidae",9,8.17166666666667,19.3143328753333,3.87,3.81,1.2858797120374,0.580924975675619
"188","NEO7","not_active","yes","yes",5.5,0.739161314737969,0.884259227425947,"NEO","Insecta","Lepidoptera","Tineidae",22,5.0012,3.927654735332,3.3,0.7833036053,0.594133303674352,-0.106069874531959
"189","NEO7","not_active","yes","yes",5.5,0.739161314737969,0.884259227425947,"NEO","Insecta","Lepidoptera","Erebidae",1,4.94352272727273,4.42652395726477,3,0.77754402,0.646062819053717,-0.109275014388689
"190","NEO8","not_active","yes","yes",6.2,0.792391689498254,1.00187011927674,"NEO","Insecta","Diptera","Platystomatidae",189,5.10625,18.37694906,3.4,0.95,1.26427341149028,-0.0222763947111523
"191","NEO9","not_active","yes","yes",1.7,0.224618894551592,-0.252606579093536,"NEO","Insecta","Psocoptera","Ectopsocidae",1,2.04423076923077,0.758461538461538,1.12,0.11,-0.120066437365626,-0.958607314841775
"192","PAN11","active","no","no",44.1,1.64443858946784,2.39982843307145,"PAN","Insecta","Hemiptera","Aleyrodidae",1,1.55205479452055,0.186634234326849,0.7,0.0466526412,-0.72900869062403,-1.33112376400505
"193","PAN13","active","no","no",38.6,1.58658730467175,2.25724996461031,"PAN","Insecta","Orthoptera","Tettigoniidae",1,8.34349206349206,48.8377777777778,2.7,1.8,1.68875589440459,0.255272505103306
"194","PAN14","active","no","no",41.6,1.61909333062674,2.3373633002563,"PAN","Insecta","Diptera","Phoridae",1,0.937,0.1324940925327,0.4,0.004607668267,-0.877803485030154,-2.33651879586033
"195","PAN3","active","no","no",37.8,1.57749179983723,2.23483346766025,"PAN","Insecta","Diptera","Ceratopogonidae",1,1.02307692307692,0.0649170492511539,0.7,0.01843067307,-1.1876412288807,-1.73445880448524
"196","PAN3","active","no","no",37.8,1.57749179983723,2.23483346766025,"PAN","Insecta","Diptera","Chloropidae",1,1.889,0.48770875824,1.2,0.0829380288,-0.311839445308269,-1.08124629078845
"197","PAN3","active","no","no",37.8,1.57749179983723,2.23483346766025,"PAN","Insecta","Diptera","Cecidomyiidae",1,3.15379562043796,3.91694594600261,0.4,0.004607668267,0.592947578309476,-2.33651879586033
"198","PAN4","active","no","no",40.2,1.60422605308447,2.30072187267805,"PAN","Insecta","Diptera","Ceratopogonidae",2,1.02307692307692,0.0649170492511539,0.7,0.01843067307,-1.1876412288807,-1.73445880448524
"199","PAN4","active","no","no",40.2,1.60422605308447,2.30072187267805,"PAN","Insecta","Orthoptera","Tettigoniidae",1,8.34349206349206,48.8377777777778,2.7,1.8,1.68875589440459,0.255272505103306
"200","PAN5","active","no","no",40.7,1.60959440922522,2.31395255544335,"PAN","Insecta","Diptera","Ceratopogonidae",1,1.02307692307692,0.0649170492511539,0.7,0.01843067307,-1.1876412288807,-1.73445880448524
"201","PAN5","active","no","no",40.7,1.60959440922522,2.31395255544335,"PAN","Insecta","Diptera","Platystomatidae",109,5.10625,18.37694906,3.4,0.95,1.26427341149028,-0.0222763947111523
"202","PAN6","active","no","no",38,1.57978359661681,2.24048175837686,"PAN","Insecta","Diptera","Chloropidae",2,1.889,0.48770875824,1.2,0.0829380288,-0.311839445308269,-1.08124629078845
"203","PAN8","active","no","no",41,1.61278385671974,2.32181316805737,"PAN","Insecta","Diptera","Ceratopogonidae",5,1.02307692307692,0.0649170492511539,0.7,0.01843067307,-1.1876412288807,-1.73445880448524
"204","PAN8","active","no","no",41,1.61278385671974,2.32181316805737,"PAN","Insecta","Hemiptera","Aleyrodidae",1,1.55205479452055,0.186634234326849,0.7,0.0466526412,-0.72900869062403,-1.33112376400505
"205","PAN8","active","no","no",41,1.61278385671974,2.32181316805737,"PAN","Insecta","Orthoptera","Tettigoniidae",3,8.34349206349206,48.8377777777778,2.7,1.8,1.68875589440459,0.255272505103306
"206","PHH16","active","no","no",7.2,0.856282763936654,0.770592653566297,"PHH","Insecta","Blattodea","Blaberidae",3,6.33333333333333,28.7466788778551,2.6,1.088561628,1.45858767760528,0.0368530212895485
"207","PHH16","active","no","no",7.2,0.856282763936654,0.770592653566297,"PHH","Insecta","Coleoptera","Curculionidae",2,3.24892086330935,2.86934704585058,1,0.02534217547,0.457783079086971,-1.59615610634038
"208","PHH16","active","no","no",7.2,0.856282763936654,0.770592653566297,"PHH","Insecta","Hemiptera","Coccidae",1,1.3,0.1028373961265,0.8,0.0207345072,-0.987848928355599,-1.68330628211641
"209","PHH21","active","no","no",6.35,0.802436885276318,0.617581822026662,"PHH","Insecta","Hemiptera","Coccidae",8,1.3,0.1028373961265,0.8,0.0207345072,-0.987848928355599,-1.68330628211641
"210","PHH21","active","no","no",6.35,0.802436885276318,0.617581822026662,"PHH","Insecta","Hymenoptera","Evaniidae",1,5.73428571428571,21.1781973771429,5.2,8.54,1.32588899153744,0.931457870689005
"211","PHH23","active","no","no",8,0.903089986991944,0.903602129870501,"PHH","Insecta","Lepidoptera","Agonoxenidae",31,4.36037735849057,2.17675142143396,3,0.77754402,0.337808836728986,-0.109275014388689
"212","PHH24","active","no","no",9.3,0.968482948553935,1.0894256631544,"PHH","Insecta","Lepidoptera","Agonoxenidae",2,4.36037735849057,2.17675142143396,3,0.77754402,0.337808836728986,-0.109275014388689
"213","PHH25","active","no","no",11.5,1.06069784035361,1.35146758030115,"PHH","Insecta","Hymenoptera","Evaniidae",3,5.73428571428571,21.1781973771429,5.2,8.54,1.32588899153744,0.931457870689005
"214","PHH32","active","no","no",14.4,1.15836249209525,1.62899577645676,"PHH","Insecta","Hymenoptera","Formicidae",2,4.21397802197802,7.86255394756462,0.62,0.01,0.895563638300606,-2
"215","PHH32","active","no","no",14.4,1.15836249209525,1.62899577645676,"PHH","Insecta","Lepidoptera","Agonoxenidae",5,4.36037735849057,2.17675142143396,3,0.77754402,0.337808836728986,-0.109275014388689
"216","PHH38","active","no","no",10.6,1.02530586526477,1.25089617775549,"PHH","Insecta","Lepidoptera","Agonoxenidae",21,4.36037735849057,2.17675142143396,3,0.77754402,0.337808836728986,-0.109275014388689
"217","PHH38","active","no","no",10.6,1.02530586526477,1.25089617775549,"PHH","Collembola","Entomobryomorpha","Isotomidae",1,0.874603174603175,0.0382463892730159,0.5,0.004319689,-1.41740955901555,-2.364547519492
"218","PHH4","active","no","no",7.5,0.8750612633917,0.823954468586687,"PHH","Insecta","Hymenoptera","Evaniidae",1,5.73428571428571,21.1781973771429,5.2,8.54,1.32588899153744,0.931457870689005
"219","PHH4","active","no","no",7.5,0.8750612633917,0.823954468586687,"PHH","Insecta","Hymenoptera","Formicidae",1,4.21397802197802,7.86255394756462,0.62,0.01,0.895563638300606,-2
"220","PHH40","active","no","no",9.5,0.977723605288848,1.11568432224139,"PHH","Chilopoda","Geophilomorpha","Mecistocephalidae",1,15.0241666666667,4.18166666666667,7.47,0.36,0.621349410930967,-0.443697499232713
"221","PHH42","active","no","no",13.4,1.12710479836481,1.54017253076555,"PHH","Insecta","Diptera","Culicidae",3,4.698,2.75359427654857,1.81,0.18,0.439899950286668,-0.744727494896694
"222","PHH42","active","no","no",13.4,1.12710479836481,1.54017253076555,"PHH","Insecta","Hymenoptera","Evaniidae",1,5.73428571428571,21.1781973771429,5.2,8.54,1.32588899153744,0.931457870689005
"223","PHH42","active","no","no",13.4,1.12710479836481,1.54017253076555,"PHH","Insecta","Lepidoptera","Agonoxenidae",1,4.36037735849057,2.17675142143396,3,0.77754402,0.337808836728986,-0.109275014388689
"224","PHH43","active","no","no",12.2,1.08635983067475,1.42438982756855,"PHH","Insecta","Lepidoptera","Agonoxenidae",1,4.36037735849057,2.17675142143396,3,0.77754402,0.337808836728986,-0.109275014388689
"225","PHH45","active","no","no",10.5,1.02118929906994,1.23919836109374,"PHH","Insecta","Hymenoptera","Evaniidae",1,5.73428571428571,21.1781973771429,5.2,8.54,1.32588899153744,0.931457870689005
"226","PHH46","active","no","no",15.9,1.20139712432045,1.75128489171696,"PHH","Insecta","Diptera","Culicidae",1,4.698,2.75359427654857,1.81,0.18,0.439899950286668,-0.744727494896694
"227","PHH47","active","no","no",14.1,1.14921911265538,1.60301354483599,"PHH","Insecta","Hymenoptera","Evaniidae",1,5.73428571428571,21.1781973771429,5.2,8.54,1.32588899153744,0.931457870689005
"228","PHH47","active","no","no",14.1,1.14921911265538,1.60301354483599,"PHH","Insecta","Lepidoptera","Agonoxenidae",90,4.36037735849057,2.17675142143396,3,0.77754402,0.337808836728986,-0.109275014388689
"229","PHH49","active","no","no",15.2,1.18184358794477,1.69572069748668,"PHH","Insecta","Hymenoptera","Eulophidae",1,1.30296296296296,0.13880259617037,0.7,0.0120951292,-0.857602410740519,-1.91738948814978
"230","PHH49","active","no","no",15.2,1.18184358794477,1.69572069748668,"PHH","Insecta","Hymenoptera","Evaniidae",4,5.73428571428571,21.1781973771429,5.2,8.54,1.32588899153744,0.931457870689005
"231","PHH49","active","no","no",15.2,1.18184358794477,1.69572069748668,"PHH","Insecta","Lepidoptera","Agonoxenidae",53,4.36037735849057,2.17675142143396,3,0.77754402,0.337808836728986,-0.109275014388689
"232","PHH49","active","no","no",15.2,1.18184358794477,1.69572069748668,"PHH","Collembola","Entomobryomorpha","Entomobryidae",400,0.874603174603175,0.0382463892730159,0.5,0.004319689,-1.41740955901555,-2.364547519492
"233","PHH5","active","no","no",10.3,1.01283722470517,1.21546473699049,"PHH","Arachnida","Araneae","Araneidae",1,3.03551470588235,7.06048507462687,0.6,0.004,0.848834539294998,-2.39794000867204
"234","PHH5","active","no","no",10.3,1.01283722470517,1.21546473699049,"PHH","Insecta","Diptera","Culicidae",1,4.698,2.75359427654857,1.81,0.18,0.439899950286668,-0.744727494896694
"235","PHH5","active","no","no",10.3,1.01283722470517,1.21546473699049,"PHH","Insecta","Hymenoptera","Evaniidae",3,5.73428571428571,21.1781973771429,5.2,8.54,1.32588899153744,0.931457870689005
"236","PHH51","active","no","no",16.3,1.21218760440396,1.78194759741268,"PHH","Insecta","Hymenoptera","Evaniidae",4,5.73428571428571,21.1781973771429,5.2,8.54,1.32588899153744,0.931457870689005
"237","PHH51","active","no","no",16.3,1.21218760440396,1.78194759741268,"PHH","Insecta","Lepidoptera","Agonoxenidae",2,4.36037735849057,2.17675142143396,3,0.77754402,0.337808836728986,-0.109275014388689
"238","PHH52","active","no","no",11.7,1.06818586174616,1.37274587324328,"PHH","Insecta","Lepidoptera","Agonoxenidae",7,4.36037735849057,2.17675142143396,3,0.77754402,0.337808836728986,-0.109275014388689
"239","PHH54","active","no","no",16.1,1.20682587603185,1.76671147280821,"PHH","Insecta","Lepidoptera","Agonoxenidae",327,4.36037735849057,2.17675142143396,3,0.77754402,0.337808836728986,-0.109275014388689
"240","PHH55","active","no","no",14.5,1.16136800223497,1.63753636706688,"PHH","Insecta","Lepidoptera","Agonoxenidae",8,4.36037735849057,2.17675142143396,3,0.77754402,0.337808836728986,-0.109275014388689
"241","PHH55","active","no","no",14.5,1.16136800223497,1.63753636706688,"PHH","Collembola","Entomobryomorpha","Entomobryidae",8,0.874603174603175,0.0382463892730159,0.5,0.004319689,-1.41740955901555,-2.364547519492
"242","PHH56","active","no","no",12.2,1.08635983067475,1.42438982756855,"PHH","Insecta","Diptera","Culicidae",1,4.698,2.75359427654857,1.81,0.18,0.439899950286668,-0.744727494896694
"243","PHH56","active","no","no",12.2,1.08635983067475,1.42438982756855,"PHH","Collembola","Entomobryomorpha","Isotomidae",352,0.874603174603175,0.0382463892730159,0.5,0.004319689,-1.41740955901555,-2.364547519492
"244","PHH58","active","no","no",14.3,1.15533603746506,1.62039566905573,"PHH","Insecta","Hymenoptera","Evaniidae",1,5.73428571428571,21.1781973771429,5.2,8.54,1.32588899153744,0.931457870689005
"245","PHH59","active","no","no",12,1.07918124604762,1.40399084383197,"PHH","Insecta","Hymenoptera","Evaniidae",1,5.73428571428571,21.1781973771429,5.2,8.54,1.32588899153744,0.931457870689005
"246","PHH59","active","no","no",12,1.07918124604762,1.40399084383197,"PHH","Insecta","Hymenoptera","Formicidae",1,4.21397802197802,7.86255394756462,0.62,0.01,0.895563638300606,-2
"247","PHH6","active","no","no",10.4,1.01703333929878,1.2273886019023,"PHH","Insecta","Hymenoptera","Evaniidae",1,5.73428571428571,21.1781973771429,5.2,8.54,1.32588899153744,0.931457870689005
"248","PHH60","active","no","no",14.3,1.15533603746506,1.62039566905573,"PHH","Insecta","Hymenoptera","Evaniidae",2,5.73428571428571,21.1781973771429,5.2,8.54,1.32588899153744,0.931457870689005
"249","PHH60","active","no","no",14.3,1.15533603746506,1.62039566905573,"PHH","Insecta","Lepidoptera","Agonoxenidae",4,4.36037735849057,2.17675142143396,3,0.77754402,0.337808836728986,-0.109275014388689
"250","PHH61","active","no","no",13.7,1.13672056715641,1.56749712487194,"PHH","Insecta","Diptera","Culicidae",1,4.698,2.75359427654857,1.81,0.18,0.439899950286668,-0.744727494896694
"251","PHH62","active","no","no",12.4,1.09342168516224,1.4444571057749,"PHH","Insecta","Diptera","Culicidae",1,4.698,2.75359427654857,1.81,0.18,0.439899950286668,-0.744727494896694
"252","PHH65","active","no","no",15.1,1.17897694729317,1.68757472455913,"PHH","Insecta","Diptera","Culicidae",1,4.698,2.75359427654857,1.81,0.18,0.439899950286668,-0.744727494896694
"253","PHH65","active","no","no",15.1,1.17897694729317,1.68757472455913,"PHH","Insecta","Lepidoptera","Agonoxenidae",1,4.36037735849057,2.17675142143396,3,0.77754402,0.337808836728986,-0.109275014388689
"254","PHH66","active","no","no",13.3,1.12385164096709,1.53092821474845,"PHH","Insecta","Lepidoptera","Agonoxenidae",14,4.36037735849057,2.17675142143396,3,0.77754402,0.337808836728986,-0.109275014388689
"255","PHH67","active","no","no",13.3,1.12385164096709,1.53092821474845,"PHH","Collembola","Entomobryomorpha","Entomobryidae",5,0.874603174603175,0.0382463892730159,0.5,0.004319689,-1.41740955901555,-2.364547519492
"256","PHH68","active","no","no",14,1.14612803567824,1.59422980371424,"PHH","Insecta","Hymenoptera","Evaniidae",2,5.73428571428571,21.1781973771429,5.2,8.54,1.32588899153744,0.931457870689005
"257","PHH7","active","no","no",17.7,1.24797326636181,1.88363771798638,"PHH","Insecta","Lepidoptera","Agonoxenidae",2,4.36037735849057,2.17675142143396,3,0.77754402,0.337808836728986,-0.109275014388689
"258","PHH70","active","no","no",12.1,1.08278537031645,1.41423248284067,"PHH","Insecta","Diptera","Culicidae",2,4.698,2.75359427654857,1.81,0.18,0.439899950286668,-0.744727494896694
"259","PHH71","active","no","no",14,1.14612803567824,1.59422980371424,"PHH","Insecta","Hymenoptera","Evaniidae",6,5.73428571428571,21.1781973771429,5.2,8.54,1.32588899153744,0.931457870689005
"260","PHH71","active","no","no",14,1.14612803567824,1.59422980371424,"PHH","Insecta","Lepidoptera","Agonoxenidae",10,4.36037735849057,2.17675142143396,3,0.77754402,0.337808836728986,-0.109275014388689
"261","PHH72","active","no","no",11.2,1.04921802267018,1.31884602237756,"PHH","Insecta","Hymenoptera","Evaniidae",2,5.73428571428571,21.1781973771429,5.2,8.54,1.32588899153744,0.931457870689005
"262","PHH72","active","no","no",11.2,1.04921802267018,1.31884602237756,"PHH","Insecta","Lepidoptera","Agonoxenidae",2,4.36037735849057,2.17675142143396,3,0.77754402,0.337808836728986,-0.109275014388689
"263","PHH73","active","no","no",13.7,1.13672056715641,1.56749712487194,"PHH","Insecta","Hymenoptera","Evaniidae",4,5.73428571428571,21.1781973771429,5.2,8.54,1.32588899153744,0.931457870689005
"264","PHH74","active","no","no",12.3,1.0899051114394,1.43446425427189,"PHH","Insecta","Diptera","Culicidae",2,4.698,2.75359427654857,1.81,0.18,0.439899950286668,-0.744727494896694
"265","PHH74","active","no","no",12.3,1.0899051114394,1.43446425427189,"PHH","Insecta","Hemiptera","Coccidae",4,1.3,0.1028373961265,0.8,0.0207345072,-0.987848928355599,-1.68330628211641
"266","PHH74","active","no","no",12.3,1.0899051114394,1.43446425427189,"PHH","Insecta","Hymenoptera","Evaniidae",2,5.73428571428571,21.1781973771429,5.2,8.54,1.32588899153744,0.931457870689005
"267","PHH75","active","no","no",12.9,1.11058971029925,1.49324252570793,"PHH","Insecta","Hymenoptera","Evaniidae",2,5.73428571428571,21.1781973771429,5.2,8.54,1.32588899153744,0.931457870689005
"268","PHH8","active","no","no",15,1.17609125905568,1.67937462516865,"PHH","Insecta","Hemiptera","Coccidae",1,1.3,0.1028373961265,0.8,0.0207345072,-0.987848928355599,-1.68330628211641
"269","SCY10","not_active","yes","yes",8.5,0.929418925714293,1.21294437163024,"SCY","Insecta","Orthoptera","Tettigoniidae",1,8.34349206349206,48.8377777777778,2.7,1.8,1.68875589440459,0.255272505103306
"270","SCY12","not_active","yes","yes",6.9,0.838849090737255,0.989989223217263,"SCY","Insecta","Blattodea","Ectobiidae",49,4.88987012987013,11.6679307544377,1.1,0.09215336533,1.06699384305384,-1.03548880024348
"271","SCY12","not_active","yes","yes",6.9,0.838849090737255,0.989989223217263,"SCY","Insecta","Diptera","Platystomatidae",11,5.10625,18.37694906,3.4,0.95,1.26427341149028,-0.0222763947111523
"272","SCY12","not_active","yes","yes",6.9,0.838849090737255,0.989989223217263,"SCY","Insecta","Psocoptera","Liposcelididae",1,2.04423076923077,0.758461538461538,1.12,0.11,-0.120066437365626,-0.958607314841775
"273","SCY15","not_active","yes","yes",10,1,1.3866933234364,"SCY","Insecta","Orthoptera","Mogoplistidae",228,5.40614035087719,9.16437280701754,1.6,0.1,0.962102747991965,-1
"274","SCY17","not_active","yes","yes",9.7,0.986771734266245,1.35412939140911,"SCY","Arachnida","Sarcoptiformes","Suidasiidae",1,NA,0.003834,NA,0.000633,-2.41634789145796,-3.19859628998264
"275","SCY3","not_active","yes","yes",2.43333333333333,0.386120830698417,-0.124488863590562,"SCY","Insecta","Hymenoptera","Formicidae",83,4.21397802197802,7.86255394756462,0.62,0.01,0.895563638300606,-2
"276","SCY3","not_active","yes","yes",2.43333333333333,0.386120830698417,-0.124488863590562,"SCY","Insecta","Lepidoptera","Agonoxenidae",74,4.36037735849057,2.17675142143396,3,0.77754402,0.337808836728986,-0.109275014388689
"277","SCY3","not_active","yes","yes",2.43333333333333,0.386120830698417,-0.124488863590562,"SCY","Insecta","Psocoptera","Lepidopsocidae",3,2.07923076923077,0.471538461538462,1.57,0.16,-0.326482877788422,-0.795880017344075
"278","SCY4","not_active","yes","yes",4.03333333333333,0.601731636410939,0.406278794308619,"SCY","Insecta","Blattodea","Blaberidae",2,6.33333333333333,28.7466788778551,2.6,1.088561628,1.45858767760528,0.0368530212895485
"279","SCY4","not_active","yes","yes",4.03333333333333,0.601731636410939,0.406278794308619,"SCY","Insecta","Blattodea","Ectobiidae",21,4.88987012987013,11.6679307544377,1.1,0.09215336533,1.06699384305384,-1.03548880024348
"280","SCY4","not_active","yes","yes",4.03333333333333,0.601731636410939,0.406278794308619,"SCY","Insecta","Lepidoptera","Tineidae",3,5.0012,3.927654735332,3.3,0.7833036053,0.594133303674352,-0.106069874531959
"281","SCY7","not_active","yes","yes",2.36666666666667,0.371694317070868,-0.160002514330099,"SCY","Insecta","Psocoptera","Lepidopsocidae",3,2.07923076923077,0.471538461538462,1.57,0.16,-0.326482877788422,-0.795880017344075
"282","SCY7","not_active","yes","yes",2.36666666666667,0.371694317070868,-0.160002514330099,"SCY","Insecta","Lepidoptera","Erebidae",13,4.94352272727273,4.42652395726477,3,0.77754402,0.646062819053717,-0.109275014388689
"283","SCY8","not_active","yes","yes",3.1,0.488127235498429,0.126619611179514,"SCY","Insecta","Orthoptera","Tettigoniidae",2,8.34349206349206,48.8377777777778,2.7,1.8,1.68875589440459,0.255272505103306
"284","SCY8","not_active","yes","yes",3.1,0.488127235498429,0.126619611179514,"SCY","Insecta","Lepidoptera","Erebidae",11,4.94352272727273,4.42652395726477,3,0.77754402,0.646062819053717,-0.109275014388689
"285","SME1","not_active","yes","yes",4.05,0.607156948712199,0.856399842789719,"SME","Insecta","Hymenoptera","Formicidae",2,4.21397802197802,7.86255394756462,0.62,0.01,0.895563638300606,-2
"286","SME10","not_active","yes","yes",6.05,0.781740542697205,1.31882871476927,"SME","Insecta","Orthoptera","Tettigoniidae",2,8.34349206349206,48.8377777777778,2.7,1.8,1.68875589440459,0.255272505103306
"287","SME11","not_active","yes","yes",5.7,0.755808010284569,1.25013983377294,"SME","Insecta","Hymenoptera","Formicidae",3,4.21397802197802,7.86255394756462,0.62,0.01,0.895563638300606,-2
"288","SME11","not_active","yes","yes",5.7,0.755808010284569,1.25013983377294,"SME","Insecta","Orthoptera","Tettigoniidae",2,8.34349206349206,48.8377777777778,2.7,1.8,1.68875589440459,0.255272505103306
"289","SME11","not_active","yes","yes",5.7,0.755808010284569,1.25013983377294,"SME","Insecta","Psocoptera","Liposcelididae",1,2.04423076923077,0.758461538461538,1.12,0.11,-0.120066437365626,-0.958607314841775
"290","SME12","not_active","yes","yes",5,0.698883128063225,1.09935986371776,"SME","Insecta","Orthoptera","Tettigoniidae",2,8.34349206349206,48.8377777777778,2.7,1.8,1.68875589440459,0.255272505103306
"291","SME13","not_active","yes","yes",5.5,0.74007536263664,1.20846793128187,"SME","Insecta","Hymenoptera","Formicidae",5,4.21397802197802,7.86255394756462,0.62,0.01,0.895563638300606,-2
"292","SME13","not_active","yes","yes",5.5,0.74007536263664,1.20846793128187,"SME","Insecta","Orthoptera","Tettigoniidae",2,8.34349206349206,48.8377777777778,2.7,1.8,1.68875589440459,0.255272505103306
"293","SME14","not_active","yes","yes",5.75,0.759520019324172,1.25997202999356,"SME","Insecta","Hymenoptera","Formicidae",6,4.21397802197802,7.86255394756462,0.62,0.01,0.895563638300606,-2
"294","SME14","not_active","yes","yes",5.75,0.759520019324172,1.25997202999356,"SME","Insecta","Orthoptera","Tettigoniidae",1,8.34349206349206,48.8377777777778,2.7,1.8,1.68875589440459,0.255272505103306
"295","SME2","not_active","yes","yes",4.83333333333333,0.683659589967265,1.05903646683627,"SME","Insecta","Blattodea","Ectobiidae",11,4.88987012987013,11.6679307544377,1.1,0.09215336533,1.06699384305384,-1.03548880024348
"296","SME2","not_active","yes","yes",4.83333333333333,0.683659589967265,1.05903646683627,"SME","Insecta","Orthoptera","Tettigoniidae",1,8.34349206349206,48.8377777777778,2.7,1.8,1.68875589440459,0.255272505103306
"297","SME2","not_active","yes","yes",4.83333333333333,0.683659589967265,1.05903646683627,"SME","Insecta","Psocoptera","Ectopsocidae",591,2.04423076923077,0.758461538461538,1.12,0.11,-0.120066437365626,-0.958607314841775
"298","SME3","not_active","yes","yes",6.2,0.792165612183765,1.34644215205131,"SME","Arachnida","Araneae","Araneidae",11,3.03551470588235,7.06048507462687,0.6,0.004,0.848834539294998,-2.39794000867204
"299","SME6","not_active","yes","yes",4.1,0.612266531303043,0.869933866576472,"SME","Insecta","Hymenoptera","Formicidae",7,4.21397802197802,7.86255394756462,0.62,0.01,0.895563638300606,-2
"300","SME6","not_active","yes","yes",4.1,0.612266531303043,0.869933866576472,"SME","Insecta","Orthoptera","Tettigoniidae",2,8.34349206349206,48.8377777777778,2.7,1.8,1.68875589440459,0.255272505103306
"301","SME7","not_active","yes","yes",4.3,0.630512416996198,0.918262716652032,"SME","Insecta","Hymenoptera","Formicidae",1,4.21397802197802,7.86255394756462,0.62,0.01,0.895563638300606,-2
"302","SME8","not_active","yes","yes",4.6,0.659031667481381,0.993803175698244,"SME","Insecta","Hymenoptera","Formicidae",1,4.21397802197802,7.86255394756462,0.62,0.01,0.895563638300606,-2
"303","SME8","not_active","yes","yes",4.6,0.659031667481381,0.993803175698244,"SME","Insecta","Orthoptera","Tettigoniidae",1,8.34349206349206,48.8377777777778,2.7,1.8,1.68875589440459,0.255272505103306
"304","SME8","not_active","yes","yes",4.6,0.659031667481381,0.993803175698244,"SME","Insecta","Psocoptera","Ectopsocidae",380,2.04423076923077,0.758461538461538,1.12,0.11,-0.120066437365626,-0.958607314841775
"305","SME9","not_active","yes","yes",4.76666666666667,0.677626849269666,1.04305722496103,"SME","Insecta","Hymenoptera","Formicidae",3,4.21397802197802,7.86255394756462,0.62,0.01,0.895563638300606,-2
